[2025-08-21T20:13:16.745Z] Fatal error: Missing Cloudinary environment variables. Set CLOUDINARY_CLOUD_NAME, CLOUDINARY_API_KEY, and CLOUDINARY_API_SECRET
[2025-08-21T20:13:41.041Z] Fatal error: Missing Cloudinary environment variables. Set CLOUDINARY_CLOUD_NAME, CLOUDINARY_API_KEY, and CLOUDINARY_API_SECRET
[2025-08-21T20:15:14.217Z] Starting image migration...
[2025-08-21T20:15:14.221Z] Reading data-final.json...
[2025-08-21T20:15:14.225Z] Found 381 unique /library images
[2025-08-21T20:15:14.225Z] Processing: /library/modules/upload/files/quote_product/44/e5644e5349b1e8a44072d02a4ac11944.jpg
[2025-08-21T20:15:14.647Z]   ✓ Downloaded (7030 bytes)
[2025-08-21T20:15:15.422Z]   ✓ Uploaded to Cloudinary: https://res.cloudinary.com/natemoshhh/image/upload/v1755807315/quote-builder/e5644e5349b1e8a44072d02a4ac11944.jpg
[2025-08-21T20:15:15.523Z] Processing: /library/modules/upload/files/quote_product/45/7b7064c716a78794b95647a1d2f5ecb3.jpg
[2025-08-21T20:15:15.627Z]   ✓ Downloaded (5662 bytes)
[2025-08-21T20:15:16.056Z]   ✓ Uploaded to Cloudinary: https://res.cloudinary.com/natemoshhh/image/upload/v1755807315/quote-builder/7b7064c716a78794b95647a1d2f5ecb3.jpg
[2025-08-21T20:15:16.157Z] Processing: /library/modules/upload/files/quote_product/46/09f92db7bb6e17cbffbf12994ac30784.jpg
[2025-08-21T20:15:16.261Z]   ✓ Downloaded (8176 bytes)
[2025-08-21T20:15:16.958Z]   ✓ Uploaded to Cloudinary: https://res.cloudinary.com/natemoshhh/image/upload/v1755807316/quote-builder/09f92db7bb6e17cbffbf12994ac30784.jpg
[2025-08-21T20:15:17.059Z] Processing: /library/modules/upload/files/quote_product/47/55f283644f2d1d6be07d72d0e12203b3.jpg
[2025-08-21T20:15:17.162Z]   ✓ Downloaded (9128 bytes)
[2025-08-21T20:15:17.709Z]   ✓ Uploaded to Cloudinary: https://res.cloudinary.com/natemoshhh/image/upload/v1755807317/quote-builder/55f283644f2d1d6be07d72d0e12203b3.jpg
[2025-08-21T20:15:17.810Z] Processing: /library/modules/upload/files/quote_product/72/da21ff347b9f86ce41056f83687b0a3c.jpg
[2025-08-21T20:15:17.914Z]   ✓ Downloaded (7619 bytes)
[2025-08-21T20:15:18.345Z]   ✓ Uploaded to Cloudinary: https://res.cloudinary.com/natemoshhh/image/upload/v1755807318/quote-builder/da21ff347b9f86ce41056f83687b0a3c.jpg
[2025-08-21T20:15:18.447Z] Processing: /library/modules/upload/files/quote_product/73/3b6555ef049b23936517de7b7278641f.jpg
[2025-08-21T20:15:18.550Z]   ✓ Downloaded (8217 bytes)
[2025-08-21T20:15:19.588Z]   ✓ Uploaded to Cloudinary: https://res.cloudinary.com/natemoshhh/image/upload/v1755807318/quote-builder/3b6555ef049b23936517de7b7278641f.jpg
[2025-08-21T20:15:19.689Z] Processing: /library/modules/upload/files/quote_product/74/3ba4346232ddd1bcbb0864c8b79249a5.jpg
[2025-08-21T20:15:19.792Z]   ✓ Downloaded (8023 bytes)
[2025-08-21T20:15:20.457Z]   ✓ Uploaded to Cloudinary: https://res.cloudinary.com/natemoshhh/image/upload/v1755807320/quote-builder/3ba4346232ddd1bcbb0864c8b79249a5.jpg
[2025-08-21T20:15:20.557Z] Processing: /library/modules/upload/files/quote_product/75/c5a8e341aa6ee2aadbd0987055c420ff.jpg
[2025-08-21T20:15:20.661Z]   ✓ Downloaded (7725 bytes)
[2025-08-21T20:15:21.042Z]   ✓ Uploaded to Cloudinary: https://res.cloudinary.com/natemoshhh/image/upload/v1755807320/quote-builder/c5a8e341aa6ee2aadbd0987055c420ff.jpg
[2025-08-21T20:15:21.142Z] Processing: /library/modules/upload/files/quote_product/76/8b9ec879855b0ca5b9fa536ecbee4358.jpg
[2025-08-21T20:15:21.246Z]   ✓ Downloaded (8490 bytes)
[2025-08-21T20:15:21.716Z]   ✓ Uploaded to Cloudinary: https://res.cloudinary.com/natemoshhh/image/upload/v1755807321/quote-builder/8b9ec879855b0ca5b9fa536ecbee4358.jpg
[2025-08-21T20:15:21.818Z] Processing: /library/modules/upload/files/quote_product/77/2dee5dd2a6a4d0c422c9487251cd9161.jpg
[2025-08-21T20:15:21.925Z]   ✓ Downloaded (8989 bytes)
[2025-08-21T20:15:22.408Z]   ✓ Uploaded to Cloudinary: https://res.cloudinary.com/natemoshhh/image/upload/v1755807322/quote-builder/2dee5dd2a6a4d0c422c9487251cd9161.jpg
[2025-08-21T20:15:22.509Z] Processing: /library/modules/upload/files/quote_product/78/d3446dec47aee3d4819f4c07a5b24b89.jpg
[2025-08-21T20:15:22.613Z]   ✓ Downloaded (9168 bytes)
[2025-08-21T20:15:22.997Z]   ✓ Uploaded to Cloudinary: https://res.cloudinary.com/natemoshhh/image/upload/v1755807322/quote-builder/d3446dec47aee3d4819f4c07a5b24b89.jpg
[2025-08-21T20:15:23.098Z] Processing: /library/modules/upload/files/quote_product/79/9a62b0d291262eb93a6af8a15598159d.jpg
[2025-08-21T20:15:23.203Z]   ✓ Downloaded (8522 bytes)
[2025-08-21T20:15:23.623Z]   ✓ Uploaded to Cloudinary: https://res.cloudinary.com/natemoshhh/image/upload/v1755807323/quote-builder/9a62b0d291262eb93a6af8a15598159d.jpg
[2025-08-21T20:15:23.724Z] Processing: /library/modules/upload/files/quote_product/80/8e077a25d964599c3389c7b3f98f385b.jpg
[2025-08-21T20:15:23.827Z]   ✓ Downloaded (8443 bytes)
[2025-08-21T20:15:24.384Z]   ✓ Uploaded to Cloudinary: https://res.cloudinary.com/natemoshhh/image/upload/v1755807324/quote-builder/8e077a25d964599c3389c7b3f98f385b.jpg
[2025-08-21T20:15:24.484Z] Processing: /library/modules/upload/files/quote_product/81/150b2ba0595e763a08ee4e414f57117d.jpg
[2025-08-21T20:15:24.588Z]   ✓ Downloaded (8126 bytes)
[2025-08-21T20:15:25.263Z]   ✓ Uploaded to Cloudinary: https://res.cloudinary.com/natemoshhh/image/upload/v1755807324/quote-builder/150b2ba0595e763a08ee4e414f57117d.jpg
[2025-08-21T20:15:25.364Z] Processing: /library/modules/upload/files/quote_product/82/b01d308409564fe20cd9fd2000768c46.jpg
[2025-08-21T20:15:25.466Z]   ✓ Downloaded (7146 bytes)
[2025-08-21T20:15:25.957Z]   ✓ Uploaded to Cloudinary: https://res.cloudinary.com/natemoshhh/image/upload/v1755807325/quote-builder/b01d308409564fe20cd9fd2000768c46.jpg
[2025-08-21T20:15:26.059Z] Processing: /library/modules/upload/files/quote_product/83/2d3b7a527d68479b5b88ae377b0d0966.jpg
[2025-08-21T20:15:26.163Z]   ✓ Downloaded (12615 bytes)
[2025-08-21T20:15:27.530Z]   ✓ Uploaded to Cloudinary: https://res.cloudinary.com/natemoshhh/image/upload/v1755807326/quote-builder/2d3b7a527d68479b5b88ae377b0d0966.jpg
[2025-08-21T20:15:27.630Z] Processing: /library/modules/upload/files/quote_product/84/07a6c2f66cba9abbb9875aaef90718de.jpg
[2025-08-21T20:15:27.734Z]   ✓ Downloaded (12267 bytes)
[2025-08-21T20:15:28.287Z]   ✓ Uploaded to Cloudinary: https://res.cloudinary.com/natemoshhh/image/upload/v1755807328/quote-builder/07a6c2f66cba9abbb9875aaef90718de.jpg
[2025-08-21T20:15:28.388Z] Processing: /library/modules/upload/files/quote_product/85/5a1d96ebeeff5f71fe4036f63299a108.jpg
[2025-08-21T20:15:28.491Z]   ✓ Downloaded (9548 bytes)
[2025-08-21T20:15:29.152Z]   ✓ Uploaded to Cloudinary: https://res.cloudinary.com/natemoshhh/image/upload/v1755807328/quote-builder/5a1d96ebeeff5f71fe4036f63299a108.jpg
[2025-08-21T20:15:29.253Z] Processing: /library/modules/upload/files/quote_product/86/079bfa68d44dbabe56bbc463a110d6b5.jpg
[2025-08-21T20:15:29.357Z]   ✓ Downloaded (10009 bytes)
[2025-08-21T20:15:29.842Z]   ✓ Uploaded to Cloudinary: https://res.cloudinary.com/natemoshhh/image/upload/v1755807329/quote-builder/079bfa68d44dbabe56bbc463a110d6b5.jpg
[2025-08-21T20:15:29.943Z] Processing: /library/modules/upload/files/quote_product/87/8b3514d944a40adee0207cc3e0aa3e57.jpg
[2025-08-21T20:15:30.046Z]   ✓ Downloaded (12751 bytes)
[2025-08-21T20:15:30.503Z]   ✓ Uploaded to Cloudinary: https://res.cloudinary.com/natemoshhh/image/upload/v1755807330/quote-builder/8b3514d944a40adee0207cc3e0aa3e57.jpg
[2025-08-21T20:15:30.605Z] Processing: /library/modules/upload/files/quote_product/88/9b0f58e1d915f749f5363e7ff9e782f3.jpg
[2025-08-21T20:15:30.709Z]   ✓ Downloaded (13677 bytes)
[2025-08-21T20:15:31.225Z]   ✓ Uploaded to Cloudinary: https://res.cloudinary.com/natemoshhh/image/upload/v1755807331/quote-builder/9b0f58e1d915f749f5363e7ff9e782f3.jpg
[2025-08-21T20:15:31.325Z] Processing: /library/modules/upload/files/quote_product/89/a635c1f24629ac68061443965f50e8eb.jpg
[2025-08-21T20:15:31.429Z]   ✓ Downloaded (14552 bytes)
[2025-08-21T20:15:31.974Z]   ✓ Uploaded to Cloudinary: https://res.cloudinary.com/natemoshhh/image/upload/v1755807331/quote-builder/a635c1f24629ac68061443965f50e8eb.jpg
[2025-08-21T20:15:32.075Z] Processing: /library/modules/upload/files/quote_product/90/1b3837cf54183701c6526f3ac3192c54.jpg
[2025-08-21T20:15:32.180Z]   ✓ Downloaded (13352 bytes)
[2025-08-21T20:15:32.660Z]   ✓ Uploaded to Cloudinary: https://res.cloudinary.com/natemoshhh/image/upload/v1755807332/quote-builder/1b3837cf54183701c6526f3ac3192c54.jpg
[2025-08-21T20:15:32.761Z] Processing: /library/modules/upload/files/quote_product/112/5d7ccd970e2b1489bb4d3df26a5b7657.jpg
[2025-08-21T20:15:32.866Z]   ✓ Downloaded (20550 bytes)
[2025-08-21T20:15:33.333Z]   ✓ Uploaded to Cloudinary: https://res.cloudinary.com/natemoshhh/image/upload/v1755807333/quote-builder/5d7ccd970e2b1489bb4d3df26a5b7657.jpg
[2025-08-21T20:15:33.433Z] Processing: /library/modules/upload/files/quote_product/113/c7e3af4b754f3e333d6553b2e699dbf0.jpg
[2025-08-21T20:15:33.539Z]   ✓ Downloaded (20506 bytes)
[2025-08-21T20:15:34.074Z]   ✓ Uploaded to Cloudinary: https://res.cloudinary.com/natemoshhh/image/upload/v1755807333/quote-builder/c7e3af4b754f3e333d6553b2e699dbf0.jpg
[2025-08-21T20:15:34.175Z] Processing: /library/modules/upload/files/quote_product/114/3daeaae0d0835029a7c3462311ff9649.jpg
[2025-08-21T20:15:34.279Z]   ✓ Downloaded (20331 bytes)
[2025-08-21T20:15:34.829Z]   ✓ Uploaded to Cloudinary: https://res.cloudinary.com/natemoshhh/image/upload/v1755807334/quote-builder/3daeaae0d0835029a7c3462311ff9649.jpg
[2025-08-21T20:15:34.930Z] Processing: /library/modules/upload/files/quote_product/115/43ae7d8ae973f8eef8257e2532ee6ad7.jpg
[2025-08-21T20:15:35.033Z]   ✓ Downloaded (20509 bytes)
[2025-08-21T20:15:35.513Z]   ✓ Uploaded to Cloudinary: https://res.cloudinary.com/natemoshhh/image/upload/v1755807335/quote-builder/43ae7d8ae973f8eef8257e2532ee6ad7.jpg
[2025-08-21T20:15:35.613Z] Processing: /library/modules/upload/files/quote_product/116/1a1d5353cf79d84d6b868adc8781206d.jpg
[2025-08-21T20:15:35.718Z]   ✓ Downloaded (20283 bytes)
[2025-08-21T20:15:36.130Z]   ✓ Uploaded to Cloudinary: https://res.cloudinary.com/natemoshhh/image/upload/v1755807336/quote-builder/1a1d5353cf79d84d6b868adc8781206d.jpg
[2025-08-21T20:15:36.232Z] Processing: /library/modules/upload/files/quote_product/117/63e422b65ff16baaa24b6a5609726bf5.jpg
[2025-08-21T20:15:36.336Z]   ✓ Downloaded (20648 bytes)
[2025-08-21T20:15:36.781Z]   ✓ Uploaded to Cloudinary: https://res.cloudinary.com/natemoshhh/image/upload/v1755807336/quote-builder/63e422b65ff16baaa24b6a5609726bf5.jpg
[2025-08-21T20:15:36.883Z] Processing: /library/modules/upload/files/quote_product/425/f31e2988ec88103651ea4a92ad566de8.jpg
[2025-08-21T20:15:36.986Z]   ✓ Downloaded (20516 bytes)
[2025-08-21T20:15:37.861Z]   ✓ Uploaded to Cloudinary: https://res.cloudinary.com/natemoshhh/image/upload/v1755807337/quote-builder/f31e2988ec88103651ea4a92ad566de8.jpg
[2025-08-21T20:15:37.962Z] Processing: /library/modules/upload/files/quote_product/426/661dee8b46a8b1c3de396ac464098b56.jpg
[2025-08-21T20:15:38.064Z]   ✓ Downloaded (20478 bytes)
[2025-08-21T20:15:38.843Z]   ✓ Uploaded to Cloudinary: https://res.cloudinary.com/natemoshhh/image/upload/v1755807338/quote-builder/661dee8b46a8b1c3de396ac464098b56.jpg
[2025-08-21T20:15:38.944Z] Processing: /library/modules/upload/files/quote_product/427/82fe2bf4118717b820ea071d4c860ba5.jpg
[2025-08-21T20:15:39.048Z]   ✓ Downloaded (20271 bytes)
[2025-08-21T20:15:39.507Z]   ✓ Uploaded to Cloudinary: https://res.cloudinary.com/natemoshhh/image/upload/v1755807339/quote-builder/82fe2bf4118717b820ea071d4c860ba5.jpg
[2025-08-21T20:15:39.608Z] Processing: /library/modules/upload/files/quote_product/428/a8ed1426afa1daade321a31a8bc4bb34.jpg
[2025-08-21T20:15:39.711Z]   ✓ Downloaded (20450 bytes)
[2025-08-21T20:15:40.440Z]   ✓ Uploaded to Cloudinary: https://res.cloudinary.com/natemoshhh/image/upload/v1755807340/quote-builder/a8ed1426afa1daade321a31a8bc4bb34.jpg
[2025-08-21T20:15:40.540Z] Processing: /library/modules/upload/files/quote_product/429/0b9f39f3c2ff50faf289ed6243350555.jpg
[2025-08-21T20:15:40.644Z]   ✓ Downloaded (20268 bytes)
[2025-08-21T20:15:41.046Z]   ✓ Uploaded to Cloudinary: https://res.cloudinary.com/natemoshhh/image/upload/v1755807340/quote-builder/0b9f39f3c2ff50faf289ed6243350555.jpg
[2025-08-21T20:15:41.147Z] Processing: /library/modules/upload/files/quote_product/430/88fa2e9001bbe37f0f5cfbd4686b954b.jpg
[2025-08-21T20:15:41.250Z]   ✓ Downloaded (23848 bytes)
[2025-08-21T20:15:41.941Z]   ✓ Uploaded to Cloudinary: https://res.cloudinary.com/natemoshhh/image/upload/v1755807341/quote-builder/88fa2e9001bbe37f0f5cfbd4686b954b.jpg
[2025-08-21T20:15:42.042Z] Processing: /library/modules/upload/files/quote_product/431/3a9a3ee0631d20af4c98c0071ce2dc9e.jpg
[2025-08-21T20:15:42.145Z]   ✓ Downloaded (23093 bytes)
[2025-08-21T20:15:42.738Z]   ✓ Uploaded to Cloudinary: https://res.cloudinary.com/natemoshhh/image/upload/v1755807342/quote-builder/3a9a3ee0631d20af4c98c0071ce2dc9e.jpg
[2025-08-21T20:15:42.839Z] Processing: /library/modules/upload/files/quote_product/432/546a67706c3dc37f591dcdbce3a9305b.jpg
[2025-08-21T20:15:42.942Z]   ✓ Downloaded (23283 bytes)
[2025-08-21T20:15:43.318Z]   ✓ Uploaded to Cloudinary: https://res.cloudinary.com/natemoshhh/image/upload/v1755807343/quote-builder/546a67706c3dc37f591dcdbce3a9305b.jpg
[2025-08-21T20:15:43.420Z] Processing: /library/modules/upload/files/quote_product/433/87984807ad2225a973216c2058e27323.jpg
[2025-08-21T20:15:43.556Z]   ✓ Downloaded (23134 bytes)
[2025-08-21T20:15:44.070Z]   ✓ Uploaded to Cloudinary: https://res.cloudinary.com/natemoshhh/image/upload/v1755807343/quote-builder/87984807ad2225a973216c2058e27323.jpg
[2025-08-21T20:15:44.172Z] Processing: /library/modules/upload/files/quote_product/435/4847fd65b4185841040c082734711575.jpg
[2025-08-21T20:15:44.274Z]   ✓ Downloaded (23272 bytes)
[2025-08-21T20:15:45.023Z]   ✓ Uploaded to Cloudinary: https://res.cloudinary.com/natemoshhh/image/upload/v1755807344/quote-builder/4847fd65b4185841040c082734711575.jpg
[2025-08-21T20:15:45.124Z] Processing: /library/modules/upload/files/quote_product/436/3b1b6e5a8d3e0621dbdd3f1043f4c19b.jpg
[2025-08-21T20:15:45.227Z]   ✓ Downloaded (23111 bytes)
[2025-08-21T20:15:45.704Z]   ✓ Uploaded to Cloudinary: https://res.cloudinary.com/natemoshhh/image/upload/v1755807345/quote-builder/3b1b6e5a8d3e0621dbdd3f1043f4c19b.jpg
[2025-08-21T20:15:45.805Z] Processing: /library/modules/upload/files/quote_product/91/6c1bb45d7e8838d7f1a072262329cdfb.jpg
[2025-08-21T20:15:45.908Z]   ✓ Downloaded (7030 bytes)
[2025-08-21T20:15:46.390Z]   ✓ Uploaded to Cloudinary: https://res.cloudinary.com/natemoshhh/image/upload/v1755807346/quote-builder/6c1bb45d7e8838d7f1a072262329cdfb.jpg
[2025-08-21T20:15:46.492Z] Processing: /library/modules/upload/files/quote_product/92/4a2ee8efb32b3dd7206e4036e66b627e.jpg
[2025-08-21T20:15:46.594Z]   ✓ Downloaded (9646 bytes)
[2025-08-21T20:15:47.123Z]   ✓ Uploaded to Cloudinary: https://res.cloudinary.com/natemoshhh/image/upload/v1755807346/quote-builder/4a2ee8efb32b3dd7206e4036e66b627e.jpg
[2025-08-21T20:15:47.224Z] Processing: /library/modules/upload/files/quote_product/93/ff014900519917d1d3bca919d79dfdb6.jpg
[2025-08-21T20:15:47.327Z]   ✓ Downloaded (8834 bytes)
[2025-08-21T20:15:47.770Z]   ✓ Uploaded to Cloudinary: https://res.cloudinary.com/natemoshhh/image/upload/v1755807347/quote-builder/ff014900519917d1d3bca919d79dfdb6.jpg
[2025-08-21T20:15:47.871Z] Processing: /library/modules/upload/files/quote_product/94/526f318add543a2cedad55ed2256ea5a.jpg
[2025-08-21T20:15:47.975Z]   ✓ Downloaded (7030 bytes)
[2025-08-21T20:15:48.317Z]   ✓ Uploaded to Cloudinary: https://res.cloudinary.com/natemoshhh/image/upload/v1755807348/quote-builder/526f318add543a2cedad55ed2256ea5a.jpg
[2025-08-21T20:15:48.418Z] Processing: /library/modules/upload/files/quote_product/95/8542cd2e59b8eb2f6453e9a0d78a5bb1.jpg
[2025-08-21T20:15:48.521Z]   ✓ Downloaded (7321 bytes)
[2025-08-21T20:15:49.010Z]   ✓ Uploaded to Cloudinary: https://res.cloudinary.com/natemoshhh/image/upload/v1755807348/quote-builder/8542cd2e59b8eb2f6453e9a0d78a5bb1.jpg
[2025-08-21T20:15:49.119Z] Processing: /library/modules/upload/files/quote_product/96/1073511724e3b899e050e56cfa6078d8.jpg
[2025-08-21T20:15:49.223Z]   ✓ Downloaded (7656 bytes)
[2025-08-21T20:15:49.609Z]   ✓ Uploaded to Cloudinary: https://res.cloudinary.com/natemoshhh/image/upload/v1755807349/quote-builder/1073511724e3b899e050e56cfa6078d8.jpg
[2025-08-21T20:15:49.710Z] Processing: /library/modules/upload/files/quote_product/97/79781904cfd65da64dab531bca9a53e6.jpg
[2025-08-21T20:15:49.813Z]   ✓ Downloaded (7494 bytes)
[2025-08-21T20:15:50.306Z]   ✓ Uploaded to Cloudinary: https://res.cloudinary.com/natemoshhh/image/upload/v1755807350/quote-builder/79781904cfd65da64dab531bca9a53e6.jpg
[2025-08-21T20:15:50.407Z] Processing: /library/modules/upload/files/quote_product/98/8e96d8614623cf0ca71bdd563a5dccc3.jpg
[2025-08-21T20:15:50.510Z]   ✓ Downloaded (4760 bytes)
[2025-08-21T20:15:50.921Z]   ✓ Uploaded to Cloudinary: https://res.cloudinary.com/natemoshhh/image/upload/v1755807350/quote-builder/8e96d8614623cf0ca71bdd563a5dccc3.jpg
[2025-08-21T20:15:51.022Z] Processing: /library/modules/upload/files/quote_product/99/1678239a7a3a81e78b32832cd8bf3450.jpg
[2025-08-21T20:15:51.124Z]   ✓ Downloaded (7383 bytes)
[2025-08-21T20:15:51.690Z]   ✓ Uploaded to Cloudinary: https://res.cloudinary.com/natemoshhh/image/upload/v1755807351/quote-builder/1678239a7a3a81e78b32832cd8bf3450.jpg
[2025-08-21T20:15:51.794Z] Processing: /library/modules/upload/files/quote_product/100/6ba2334729c705e4b65411b9ca329a42.jpg
[2025-08-21T20:15:51.905Z]   ✓ Downloaded (7368 bytes)
[2025-08-21T20:15:52.518Z]   ✓ Uploaded to Cloudinary: https://res.cloudinary.com/natemoshhh/image/upload/v1755807352/quote-builder/6ba2334729c705e4b65411b9ca329a42.jpg
[2025-08-21T20:15:52.619Z] Processing: /library/modules/upload/files/quote_product/101/274242bb961d308da842fee35a190a9a.jpg
[2025-08-21T20:15:52.722Z]   ✓ Downloaded (7899 bytes)
[2025-08-21T20:15:53.167Z]   ✓ Uploaded to Cloudinary: https://res.cloudinary.com/natemoshhh/image/upload/v1755807353/quote-builder/274242bb961d308da842fee35a190a9a.jpg
[2025-08-21T20:15:53.274Z] Processing: /library/modules/upload/files/quote_product/102/f138b7061492f1e2202e194c542536f1.jpg
[2025-08-21T20:15:53.384Z]   ✓ Downloaded (8566 bytes)
[2025-08-21T20:15:53.816Z]   ✓ Uploaded to Cloudinary: https://res.cloudinary.com/natemoshhh/image/upload/v1755807353/quote-builder/f138b7061492f1e2202e194c542536f1.jpg
[2025-08-21T20:15:53.917Z] Processing: /library/modules/upload/files/quote_product/103/3a08c5a9b54a07e4a9cbd3136225c982.jpg
[2025-08-21T20:15:54.021Z]   ✓ Downloaded (8597 bytes)
[2025-08-21T20:15:54.450Z]   ✓ Uploaded to Cloudinary: https://res.cloudinary.com/natemoshhh/image/upload/v1755807354/quote-builder/3a08c5a9b54a07e4a9cbd3136225c982.jpg
[2025-08-21T20:15:54.551Z] Processing: /library/modules/upload/files/quote_product/104/191263fc339acf0dfea065beb168a434.jpg
[2025-08-21T20:15:54.655Z]   ✓ Downloaded (8995 bytes)
[2025-08-21T20:15:55.163Z]   ✓ Uploaded to Cloudinary: https://res.cloudinary.com/natemoshhh/image/upload/v1755807355/quote-builder/191263fc339acf0dfea065beb168a434.jpg
[2025-08-21T20:15:55.263Z] Processing: /library/modules/upload/files/quote_product/105/26deb3ca82507badead26fd4e16ab979.jpg
[2025-08-21T20:15:55.367Z]   ✓ Downloaded (32428 bytes)
[2025-08-21T20:15:56.181Z]   ✓ Uploaded to Cloudinary: https://res.cloudinary.com/natemoshhh/image/upload/v1755807355/quote-builder/26deb3ca82507badead26fd4e16ab979.jpg
[2025-08-21T20:15:56.282Z] Processing: /library/modules/upload/files/quote_product/523/052de21622de5513500155043c56487f.jpg
[2025-08-21T20:15:56.385Z]   ✓ Downloaded (30283 bytes)
[2025-08-21T20:15:56.943Z]   ✓ Uploaded to Cloudinary: https://res.cloudinary.com/natemoshhh/image/upload/v1755807356/quote-builder/052de21622de5513500155043c56487f.jpg
[2025-08-21T20:15:57.044Z] Processing: /library/modules/upload/files/quote_product/106/cf2cadd4e00f8affb821c680381ab731.jpg
[2025-08-21T20:15:57.152Z]   ✓ Downloaded (7030 bytes)
[2025-08-21T20:15:57.563Z]   ✓ Uploaded to Cloudinary: https://res.cloudinary.com/natemoshhh/image/upload/v1755807357/quote-builder/cf2cadd4e00f8affb821c680381ab731.jpg
[2025-08-21T20:15:57.668Z] Processing: /library/modules/upload/files/quote_product/107/1be0f2dc8247c616ae485d071c84ce24.jpg
[2025-08-21T20:15:57.771Z]   ✓ Downloaded (7474 bytes)
[2025-08-21T20:15:58.183Z]   ✓ Uploaded to Cloudinary: https://res.cloudinary.com/natemoshhh/image/upload/v1755807358/quote-builder/1be0f2dc8247c616ae485d071c84ce24.jpg
[2025-08-21T20:15:58.284Z] Processing: /library/modules/upload/files/quote_product/108/6d2aa4e45ba85cbec9e7964c002e6bbd.jpg
[2025-08-21T20:15:58.386Z]   ✓ Downloaded (7822 bytes)
[2025-08-21T20:15:58.759Z]   ✓ Uploaded to Cloudinary: https://res.cloudinary.com/natemoshhh/image/upload/v1755807358/quote-builder/6d2aa4e45ba85cbec9e7964c002e6bbd.jpg
[2025-08-21T20:15:58.859Z] Processing: /library/modules/upload/files/quote_product/109/15fd9ef76daf282c34ac99f490e16e16.jpg
[2025-08-21T20:15:58.966Z]   ✓ Downloaded (8772 bytes)
[2025-08-21T20:15:59.383Z]   ✓ Uploaded to Cloudinary: https://res.cloudinary.com/natemoshhh/image/upload/v1755807359/quote-builder/15fd9ef76daf282c34ac99f490e16e16.jpg
[2025-08-21T20:15:59.484Z] Processing: /library/modules/upload/files/quote_product/110/86a807912227860b4bb0ffc754c65440.jpg
[2025-08-21T20:15:59.587Z]   ✓ Downloaded (8871 bytes)
[2025-08-21T20:16:00.181Z]   ✓ Uploaded to Cloudinary: https://res.cloudinary.com/natemoshhh/image/upload/v1755807359/quote-builder/86a807912227860b4bb0ffc754c65440.jpg
[2025-08-21T20:16:00.281Z] Processing: /library/modules/upload/files/quote_product/111/ce70b5e9963625efda469c0fa9c4b3ae.jpg
[2025-08-21T20:16:00.384Z]   ✓ Downloaded (11168 bytes)
[2025-08-21T20:16:00.839Z]   ✓ Uploaded to Cloudinary: https://res.cloudinary.com/natemoshhh/image/upload/v1755807360/quote-builder/ce70b5e9963625efda469c0fa9c4b3ae.jpg
[2025-08-21T20:16:00.940Z] Processing: /library/modules/upload/files/quote_product/462/6e65b100c05d8ae2cc761c75902a6fd3.jpg
[2025-08-21T20:16:01.045Z]   ✓ Downloaded (8173 bytes)
[2025-08-21T20:16:01.729Z]   ✓ Uploaded to Cloudinary: https://res.cloudinary.com/natemoshhh/image/upload/v1755807361/quote-builder/6e65b100c05d8ae2cc761c75902a6fd3.jpg
[2025-08-21T20:16:01.830Z] Processing: /library/modules/upload/files/quote_product/120/91ab91ba5c40eb2017ade2610c5a6c24.jpg
[2025-08-21T20:16:01.949Z]   ✓ Downloaded (10170 bytes)
[2025-08-21T20:16:02.439Z]   ✓ Uploaded to Cloudinary: https://res.cloudinary.com/natemoshhh/image/upload/v1755807362/quote-builder/91ab91ba5c40eb2017ade2610c5a6c24.jpg
[2025-08-21T20:16:02.540Z] Processing: /library/modules/upload/files/quote_product/121/83c10550942cb82b60d1345a6449c834.jpg
[2025-08-21T20:16:02.652Z]   ✓ Downloaded (8098 bytes)
[2025-08-21T20:16:03.108Z]   ✓ Uploaded to Cloudinary: https://res.cloudinary.com/natemoshhh/image/upload/v1755807362/quote-builder/83c10550942cb82b60d1345a6449c834.jpg
[2025-08-21T20:16:03.209Z] Processing: /library/modules/upload/files/quote_product/122/9cc51f05b03485a4850ec96269d521d4.jpg
[2025-08-21T20:16:03.313Z]   ✓ Downloaded (24430 bytes)
[2025-08-21T20:16:03.782Z]   ✓ Uploaded to Cloudinary: https://res.cloudinary.com/natemoshhh/image/upload/v1755807363/quote-builder/9cc51f05b03485a4850ec96269d521d4.jpg
[2025-08-21T20:16:03.883Z] Processing: /library/modules/upload/files/quote_product/123/0e91082c0d4bc1fcbf3f989eeb468207.jpg
[2025-08-21T20:16:03.987Z]   ✓ Downloaded (28449 bytes)
[2025-08-21T20:16:04.422Z]   ✓ Uploaded to Cloudinary: https://res.cloudinary.com/natemoshhh/image/upload/v1755807364/quote-builder/0e91082c0d4bc1fcbf3f989eeb468207.jpg
[2025-08-21T20:16:04.522Z] Processing: /library/modules/upload/files/quote_product/126/4f9dd40901dfae70e2795b5c4127c33c.jpg
[2025-08-21T20:16:04.624Z]   ✓ Downloaded (10671 bytes)
[2025-08-21T20:16:05.161Z]   ✓ Uploaded to Cloudinary: https://res.cloudinary.com/natemoshhh/image/upload/v1755807364/quote-builder/4f9dd40901dfae70e2795b5c4127c33c.jpg
[2025-08-21T20:16:05.262Z] Processing: /library/modules/upload/files/quote_product/127/c53614ed74f0692cd636fc1f46cfb21d.jpg
[2025-08-21T20:16:05.368Z]   ✓ Downloaded (10879 bytes)
[2025-08-21T20:16:05.759Z]   ✓ Uploaded to Cloudinary: https://res.cloudinary.com/natemoshhh/image/upload/v1755807365/quote-builder/c53614ed74f0692cd636fc1f46cfb21d.jpg
[2025-08-21T20:16:05.860Z] Processing: /library/modules/upload/files/quote_product/128/8a9f38114b06b88c498e1ed2052c18af.jpg
[2025-08-21T20:16:05.962Z]   ✓ Downloaded (12948 bytes)
[2025-08-21T20:16:06.400Z]   ✓ Uploaded to Cloudinary: https://res.cloudinary.com/natemoshhh/image/upload/v1755807366/quote-builder/8a9f38114b06b88c498e1ed2052c18af.jpg
[2025-08-21T20:16:06.500Z] Processing: /library/modules/upload/files/quote_product/129/692e47fa1cf7525359485c043b423566.jpg
[2025-08-21T20:16:06.604Z]   ✓ Downloaded (11963 bytes)
[2025-08-21T20:16:07.278Z]   ✓ Uploaded to Cloudinary: https://res.cloudinary.com/natemoshhh/image/upload/v1755807366/quote-builder/692e47fa1cf7525359485c043b423566.jpg
[2025-08-21T20:16:07.379Z] Processing: /library/modules/upload/files/quote_product/131/3b9998b1b17b45811694d6e53c6bc828.jpg
[2025-08-21T20:16:07.482Z]   ✓ Downloaded (8954 bytes)
[2025-08-21T20:16:07.952Z]   ✓ Uploaded to Cloudinary: https://res.cloudinary.com/natemoshhh/image/upload/v1755807367/quote-builder/3b9998b1b17b45811694d6e53c6bc828.jpg
[2025-08-21T20:16:08.053Z] Processing: /library/modules/upload/files/quote_product/132/a9931d51fca8bb8131b9f1befb93175c.jpg
[2025-08-21T20:16:08.156Z]   ✓ Downloaded (10308 bytes)
[2025-08-21T20:16:08.778Z]   ✓ Uploaded to Cloudinary: https://res.cloudinary.com/natemoshhh/image/upload/v1755807368/quote-builder/a9931d51fca8bb8131b9f1befb93175c.jpg
[2025-08-21T20:16:08.880Z] Processing: /library/modules/upload/files/quote_product/437/e4f4b531eb7b0f12012eeb24f1423331.jpg
[2025-08-21T20:16:08.985Z]   ✓ Downloaded (9789 bytes)
[2025-08-21T20:16:09.496Z]   ✓ Uploaded to Cloudinary: https://res.cloudinary.com/natemoshhh/image/upload/v1755807369/quote-builder/e4f4b531eb7b0f12012eeb24f1423331.jpg
[2025-08-21T20:16:09.596Z] Processing: /library/modules/upload/files/quote_product/438/6cd3385e65c7178588fe58bf6d5132d9.jpg
[2025-08-21T20:16:09.701Z]   ✓ Downloaded (9840 bytes)
[2025-08-21T20:16:10.121Z]   ✓ Uploaded to Cloudinary: https://res.cloudinary.com/natemoshhh/image/upload/v1755807370/quote-builder/6cd3385e65c7178588fe58bf6d5132d9.jpg
[2025-08-21T20:16:10.222Z] Processing: /library/modules/upload/files/quote_product/439/dc895785d6a51d98382e63cf1fe20087.jpg
[2025-08-21T20:16:10.326Z]   ✓ Downloaded (10967 bytes)
[2025-08-21T20:16:11.906Z]   ✓ Uploaded to Cloudinary: https://res.cloudinary.com/natemoshhh/image/upload/v1755807370/quote-builder/dc895785d6a51d98382e63cf1fe20087.jpg
[2025-08-21T20:16:12.008Z] Processing: /library/modules/upload/files/quote_product/136/e7ce8470581963d5d88a99389f82367d.jpg
[2025-08-21T20:16:12.111Z]   ✓ Downloaded (15829 bytes)
[2025-08-21T20:16:12.697Z]   ✓ Uploaded to Cloudinary: https://res.cloudinary.com/natemoshhh/image/upload/v1755807372/quote-builder/e7ce8470581963d5d88a99389f82367d.jpg
[2025-08-21T20:16:12.798Z] Processing: /library/modules/upload/files/quote_product/137/ff63bf18f3da5d5f8374aabef67018c4.jpg
[2025-08-21T20:16:12.905Z]   ✓ Downloaded (15728 bytes)
[2025-08-21T20:16:13.325Z]   ✓ Uploaded to Cloudinary: https://res.cloudinary.com/natemoshhh/image/upload/v1755807373/quote-builder/ff63bf18f3da5d5f8374aabef67018c4.jpg
[2025-08-21T20:16:13.426Z] Processing: /library/modules/upload/files/quote_product/138/5ac4a66a8bc73de1c86ecab15c3b589f.jpg
[2025-08-21T20:16:13.531Z]   ✓ Downloaded (8933 bytes)
[2025-08-21T20:16:14.184Z]   ✓ Uploaded to Cloudinary: https://res.cloudinary.com/natemoshhh/image/upload/v1755807373/quote-builder/5ac4a66a8bc73de1c86ecab15c3b589f.jpg
[2025-08-21T20:16:14.284Z] Processing: /library/modules/upload/files/quote_product/139/d8f18d4475a861200cdd690b1e33ced9.jpg
[2025-08-21T20:16:14.390Z]   ✓ Downloaded (8936 bytes)
[2025-08-21T20:16:14.926Z]   ✓ Uploaded to Cloudinary: https://res.cloudinary.com/natemoshhh/image/upload/v1755807374/quote-builder/d8f18d4475a861200cdd690b1e33ced9.jpg
[2025-08-21T20:16:15.027Z] Processing: /library/modules/upload/files/quote_product/140/2f35417024a22a1a895c111f276de68a.jpg
[2025-08-21T20:16:15.136Z]   ✓ Downloaded (8814 bytes)
[2025-08-21T20:16:15.590Z]   ✓ Uploaded to Cloudinary: https://res.cloudinary.com/natemoshhh/image/upload/v1755807375/quote-builder/2f35417024a22a1a895c111f276de68a.jpg
[2025-08-21T20:16:15.691Z] Processing: /library/modules/upload/files/quote_product/141/84c271334b58cce261479e33c8cf632f.jpg
[2025-08-21T20:16:15.794Z]   ✓ Downloaded (8842 bytes)
[2025-08-21T20:16:16.208Z]   ✓ Uploaded to Cloudinary: https://res.cloudinary.com/natemoshhh/image/upload/v1755807376/quote-builder/84c271334b58cce261479e33c8cf632f.jpg
[2025-08-21T20:16:16.310Z] Processing: /library/modules/upload/files/quote_product/142/9d9de7c36fea00564de7aed3a70a3d95.jpg
[2025-08-21T20:16:16.413Z]   ✓ Downloaded (8993 bytes)
[2025-08-21T20:16:17.052Z]   ✓ Uploaded to Cloudinary: https://res.cloudinary.com/natemoshhh/image/upload/v1755807376/quote-builder/9d9de7c36fea00564de7aed3a70a3d95.jpg
[2025-08-21T20:16:17.153Z] Processing: /library/modules/upload/files/quote_product/144/5a24b34fd39c79d00becd4a4403fb6d1.jpg
[2025-08-21T20:16:17.257Z]   ✓ Downloaded (9939 bytes)
[2025-08-21T20:16:17.714Z]   ✓ Uploaded to Cloudinary: https://res.cloudinary.com/natemoshhh/image/upload/v1755807377/quote-builder/5a24b34fd39c79d00becd4a4403fb6d1.jpg
[2025-08-21T20:16:17.814Z] Processing: /library/modules/upload/files/quote_product/145/d64dac43265a4e35cd3bc49442b701fa.jpg
[2025-08-21T20:16:17.917Z]   ✓ Downloaded (10178 bytes)
[2025-08-21T20:16:18.391Z]   ✓ Uploaded to Cloudinary: https://res.cloudinary.com/natemoshhh/image/upload/v1755807378/quote-builder/d64dac43265a4e35cd3bc49442b701fa.jpg
[2025-08-21T20:16:18.493Z] Processing: /library/modules/upload/files/quote_product/361/4d19783e1ef6cd58b4d4c1031d8be858.jpg
[2025-08-21T20:16:18.597Z]   ✓ Downloaded (14924 bytes)
[2025-08-21T20:16:18.992Z]   ✓ Uploaded to Cloudinary: https://res.cloudinary.com/natemoshhh/image/upload/v1755807378/quote-builder/4d19783e1ef6cd58b4d4c1031d8be858.jpg
[2025-08-21T20:16:19.094Z] Processing: /library/modules/upload/files/quote_product/362/7f55d396ee6ae0eebda3a9be88c19ed8.jpg
[2025-08-21T20:16:19.196Z]   ✓ Downloaded (13673 bytes)
[2025-08-21T20:16:24.602Z]   ✓ Uploaded to Cloudinary: https://res.cloudinary.com/natemoshhh/image/upload/v1755807379/quote-builder/7f55d396ee6ae0eebda3a9be88c19ed8.jpg
[2025-08-21T20:16:24.703Z] Processing: /library/modules/upload/files/quote_product/363/7b30d2d7747f6a9b8b97d62a7f29be55.jpg
[2025-08-21T20:16:25.089Z]   ✓ Downloaded (15111 bytes)
[2025-08-21T20:16:25.454Z]   ✓ Uploaded to Cloudinary: https://res.cloudinary.com/natemoshhh/image/upload/v1755807385/quote-builder/7b30d2d7747f6a9b8b97d62a7f29be55.jpg
[2025-08-21T20:16:25.555Z] Processing: /library/modules/upload/files/quote_product/364/8e758bb4662a0ab3d66b5c91cd6f804b.jpg
[2025-08-21T20:16:25.656Z]   ✓ Downloaded (22127 bytes)
[2025-08-21T20:16:26.173Z]   ✓ Uploaded to Cloudinary: https://res.cloudinary.com/natemoshhh/image/upload/v1755807385/quote-builder/8e758bb4662a0ab3d66b5c91cd6f804b.jpg
[2025-08-21T20:16:26.274Z] Processing: /library/modules/upload/files/quote_product/365/29d64eac041d402b9f2287638b1d4512.jpg
[2025-08-21T20:16:26.376Z]   ✓ Downloaded (12202 bytes)
[2025-08-21T20:16:26.711Z]   ✓ Uploaded to Cloudinary: https://res.cloudinary.com/natemoshhh/image/upload/v1755807386/quote-builder/29d64eac041d402b9f2287638b1d4512.jpg
[2025-08-21T20:16:26.812Z] Processing: /library/modules/upload/files/quote_product/366/4624aedbfec10f3fa7272bb3f607ad6b.jpg
[2025-08-21T20:16:26.913Z]   ✓ Downloaded (16212 bytes)
[2025-08-21T20:16:27.375Z]   ✓ Uploaded to Cloudinary: https://res.cloudinary.com/natemoshhh/image/upload/v1755807387/quote-builder/4624aedbfec10f3fa7272bb3f607ad6b.jpg
[2025-08-21T20:16:27.476Z] Processing: /library/modules/upload/files/quote_product/367/7f6d5204f7f7c6ee143fab02d6d36b29.jpg
[2025-08-21T20:16:27.576Z]   ✓ Downloaded (16496 bytes)
[2025-08-21T20:16:28.174Z]   ✓ Uploaded to Cloudinary: https://res.cloudinary.com/natemoshhh/image/upload/v1755807387/quote-builder/7f6d5204f7f7c6ee143fab02d6d36b29.jpg
[2025-08-21T20:16:28.275Z] Processing: /library/modules/upload/files/quote_product/368/5f91de9fdb9c05f98cad897b620ae0bb.jpg
[2025-08-21T20:16:28.377Z]   ✓ Downloaded (8475 bytes)
[2025-08-21T20:16:28.802Z]   ✓ Uploaded to Cloudinary: https://res.cloudinary.com/natemoshhh/image/upload/v1755807388/quote-builder/5f91de9fdb9c05f98cad897b620ae0bb.jpg
[2025-08-21T20:16:28.903Z] Processing: /library/modules/upload/files/quote_product/369/5009041248c84e9b85d7c54515d69ead.jpg
[2025-08-21T20:16:29.009Z]   ✓ Downloaded (10706 bytes)
[2025-08-21T20:16:29.450Z]   ✓ Uploaded to Cloudinary: https://res.cloudinary.com/natemoshhh/image/upload/v1755807389/quote-builder/5009041248c84e9b85d7c54515d69ead.jpg
[2025-08-21T20:16:29.551Z] Processing: /library/modules/upload/files/quote_product/370/7b8b287ff619236db4aa2fa70a648f12.jpg
[2025-08-21T20:16:29.652Z]   ✓ Downloaded (9027 bytes)
[2025-08-21T20:16:30.096Z]   ✓ Uploaded to Cloudinary: https://res.cloudinary.com/natemoshhh/image/upload/v1755807389/quote-builder/7b8b287ff619236db4aa2fa70a648f12.jpg
[2025-08-21T20:16:30.197Z] Processing: /library/modules/upload/files/quote_product/371/2d657ce4638b4c4dff457faed1df2450.png
[2025-08-21T20:16:30.301Z]   ✓ Downloaded (41929 bytes)
[2025-08-21T20:16:30.721Z]   ✓ Uploaded to Cloudinary: https://res.cloudinary.com/natemoshhh/image/upload/v1755807390/quote-builder/2d657ce4638b4c4dff457faed1df2450.png
[2025-08-21T20:16:30.822Z] Processing: /library/modules/upload/files/quote_product/452/473d05edbb3f46311e391c281e428460.jpg
[2025-08-21T20:16:30.925Z]   ✓ Downloaded (7396 bytes)
[2025-08-21T20:16:32.210Z]   ✓ Uploaded to Cloudinary: https://res.cloudinary.com/natemoshhh/image/upload/v1755807391/quote-builder/473d05edbb3f46311e391c281e428460.jpg
[2025-08-21T20:16:32.311Z] Processing: /library/modules/upload/files/quote_product/500/4717871975f186e83a524149dfab0da5.jpg
[2025-08-21T20:16:32.414Z]   ✓ Downloaded (19807 bytes)
[2025-08-21T20:16:33.005Z]   ✓ Uploaded to Cloudinary: https://res.cloudinary.com/natemoshhh/image/upload/v1755807392/quote-builder/4717871975f186e83a524149dfab0da5.jpg
[2025-08-21T20:16:33.105Z] Processing: /library/modules/upload/files/quote_product/372/45f7ddb3f2194ca38072ba8a7a59b2aa.jpg
[2025-08-21T20:16:33.205Z]   ✓ Downloaded (8675 bytes)
[2025-08-21T20:16:33.876Z]   ✓ Uploaded to Cloudinary: https://res.cloudinary.com/natemoshhh/image/upload/v1755807393/quote-builder/45f7ddb3f2194ca38072ba8a7a59b2aa.jpg
[2025-08-21T20:16:33.976Z] Processing: /library/modules/upload/files/quote_product/373/847a2a9fe8e0c0bcfad836add3059e69.jpg
[2025-08-21T20:16:34.078Z]   ✓ Downloaded (8404 bytes)
[2025-08-21T20:16:34.767Z]   ✓ Uploaded to Cloudinary: https://res.cloudinary.com/natemoshhh/image/upload/v1755807394/quote-builder/847a2a9fe8e0c0bcfad836add3059e69.jpg
[2025-08-21T20:16:34.868Z] Processing: /library/modules/upload/files/quote_product/374/082e8bf46ee568fdbce395809cbf8ed2.jpg
[2025-08-21T20:16:34.968Z]   ✓ Downloaded (8404 bytes)
[2025-08-21T20:16:35.554Z]   ✓ Uploaded to Cloudinary: https://res.cloudinary.com/natemoshhh/image/upload/v1755807395/quote-builder/082e8bf46ee568fdbce395809cbf8ed2.jpg
[2025-08-21T20:16:35.654Z] Processing: /library/modules/upload/files/quote_product/375/22b943c108bcb46e72ed908784528867.jpg
[2025-08-21T20:16:35.755Z]   ✓ Downloaded (7520 bytes)
[2025-08-21T20:16:36.404Z]   ✓ Uploaded to Cloudinary: https://res.cloudinary.com/natemoshhh/image/upload/v1755807396/quote-builder/22b943c108bcb46e72ed908784528867.jpg
[2025-08-21T20:16:36.504Z] Processing: /library/modules/upload/files/quote_product/376/33921d9f1122e89df12b7d716b65f5df.jpg
[2025-08-21T20:16:36.607Z]   ✓ Downloaded (7829 bytes)
[2025-08-21T20:16:37.149Z]   ✓ Uploaded to Cloudinary: https://res.cloudinary.com/natemoshhh/image/upload/v1755807396/quote-builder/33921d9f1122e89df12b7d716b65f5df.jpg
[2025-08-21T20:16:37.251Z] Processing: /library/modules/upload/files/quote_product/479/651952d50009fd33b37e3aa232b5ce69.jpg
[2025-08-21T20:16:37.354Z]   ✓ Downloaded (11808 bytes)
[2025-08-21T20:16:37.738Z]   ✓ Uploaded to Cloudinary: https://res.cloudinary.com/natemoshhh/image/upload/v1755807397/quote-builder/651952d50009fd33b37e3aa232b5ce69.jpg
[2025-08-21T20:16:37.839Z] Processing: /library/modules/upload/files/quote_product/480/c1aa9f81003921b625afe5986f3c6f26.jpg
[2025-08-21T20:16:37.940Z]   ✓ Downloaded (30298 bytes)
[2025-08-21T20:16:38.382Z]   ✓ Uploaded to Cloudinary: https://res.cloudinary.com/natemoshhh/image/upload/v1755807398/quote-builder/c1aa9f81003921b625afe5986f3c6f26.jpg
[2025-08-21T20:16:38.484Z] Processing: /library/modules/upload/files/quote_product/488/24b7a040a36e512d1bea2e4cfd35ba53.jpg
[2025-08-21T20:16:38.582Z]   ✓ Downloaded (2310 bytes)
[2025-08-21T20:16:39.043Z]   ✓ Uploaded to Cloudinary: https://res.cloudinary.com/natemoshhh/image/upload/v1755807398/quote-builder/24b7a040a36e512d1bea2e4cfd35ba53.jpg
[2025-08-21T20:16:39.144Z] Processing: /library/modules/upload/files/quote_product/489/51b92dbf4ecedc90147e65830c5a6b3c.jpg
[2025-08-21T20:16:39.242Z]   ✓ Downloaded (2362 bytes)
[2025-08-21T20:16:39.642Z]   ✓ Uploaded to Cloudinary: https://res.cloudinary.com/natemoshhh/image/upload/v1755807399/quote-builder/51b92dbf4ecedc90147e65830c5a6b3c.jpg
[2025-08-21T20:16:39.747Z] Processing: /library/modules/upload/files/quote_product/490/dc1cd45d56ec6c13395bd0540ecd1a36.jpg
[2025-08-21T20:16:39.847Z]   ✓ Downloaded (2246 bytes)
[2025-08-21T20:16:40.316Z]   ✓ Uploaded to Cloudinary: https://res.cloudinary.com/natemoshhh/image/upload/v1755807400/quote-builder/dc1cd45d56ec6c13395bd0540ecd1a36.jpg
[2025-08-21T20:16:40.418Z] Processing: /library/modules/upload/files/quote_product/491/166b05c2330ac890ea790300c8c2187d.jpg
[2025-08-21T20:16:40.517Z]   ✓ Downloaded (2296 bytes)
[2025-08-21T20:16:40.890Z]   ✓ Uploaded to Cloudinary: https://res.cloudinary.com/natemoshhh/image/upload/v1755807400/quote-builder/166b05c2330ac890ea790300c8c2187d.jpg
[2025-08-21T20:16:40.990Z] Processing: /library/modules/upload/files/quote_product/492/bf60c10e0b117cacaa5121864f385451.jpg
[2025-08-21T20:16:41.091Z]   ✓ Downloaded (2169 bytes)
[2025-08-21T20:16:41.513Z]   ✓ Uploaded to Cloudinary: https://res.cloudinary.com/natemoshhh/image/upload/v1755807401/quote-builder/bf60c10e0b117cacaa5121864f385451.jpg
[2025-08-21T20:16:41.614Z] Processing: /library/modules/upload/files/quote_product/493/886d7d6b949b9aa6e18ac9a47037fbd7.jpg
[2025-08-21T20:16:41.714Z]   ✓ Downloaded (2084 bytes)
[2025-08-21T20:16:42.182Z]   ✓ Uploaded to Cloudinary: https://res.cloudinary.com/natemoshhh/image/upload/v1755807402/quote-builder/886d7d6b949b9aa6e18ac9a47037fbd7.jpg
[2025-08-21T20:16:42.283Z] Processing: /library/modules/upload/files/quote_product/377/855e8308d0d082a44e19b3ab93b0140e.jpg
[2025-08-21T20:16:42.386Z]   ✓ Downloaded (14176 bytes)
[2025-08-21T20:16:42.811Z]   ✓ Uploaded to Cloudinary: https://res.cloudinary.com/natemoshhh/image/upload/v1755807402/quote-builder/855e8308d0d082a44e19b3ab93b0140e.jpg
[2025-08-21T20:16:42.912Z] Processing: /library/modules/upload/files/quote_product/378/3660b629f39498f5f5eac021858a98d0.jpg
[2025-08-21T20:16:43.013Z]   ✓ Downloaded (11086 bytes)
[2025-08-21T20:16:43.406Z]   ✓ Uploaded to Cloudinary: https://res.cloudinary.com/natemoshhh/image/upload/v1755807403/quote-builder/3660b629f39498f5f5eac021858a98d0.jpg
[2025-08-21T20:16:43.507Z] Processing: /library/modules/upload/files/quote_product/379/ad6f239e3637f93b4759d1c4b4485f60.jpg
[2025-08-21T20:16:43.607Z]   ✓ Downloaded (14176 bytes)
[2025-08-21T20:16:44.313Z]   ✓ Uploaded to Cloudinary: https://res.cloudinary.com/natemoshhh/image/upload/v1755807404/quote-builder/ad6f239e3637f93b4759d1c4b4485f60.jpg
[2025-08-21T20:16:44.414Z] Processing: /library/modules/upload/files/quote_product/380/11e7758d2367e4a28cbb012df3e7e5b4.jpg
[2025-08-21T20:16:44.515Z]   ✓ Downloaded (10839 bytes)
[2025-08-21T20:16:45.171Z]   ✓ Uploaded to Cloudinary: https://res.cloudinary.com/natemoshhh/image/upload/v1755807404/quote-builder/11e7758d2367e4a28cbb012df3e7e5b4.jpg
[2025-08-21T20:16:45.271Z] Processing: /library/modules/upload/files/quote_product/381/1ab4aa69097058073e8598c071f62c82.jpg
[2025-08-21T20:16:45.371Z]   ✓ Downloaded (3923 bytes)
[2025-08-21T20:16:45.860Z]   ✓ Uploaded to Cloudinary: https://res.cloudinary.com/natemoshhh/image/upload/v1755807405/quote-builder/1ab4aa69097058073e8598c071f62c82.jpg
[2025-08-21T20:16:45.961Z] Processing: /library/modules/upload/files/quote_product/382/2b871d29dad578429bd955e315d31e64.jpg
[2025-08-21T20:16:46.061Z]   ✓ Downloaded (8276 bytes)
[2025-08-21T20:16:46.488Z]   ✓ Uploaded to Cloudinary: https://res.cloudinary.com/natemoshhh/image/upload/v1755807406/quote-builder/2b871d29dad578429bd955e315d31e64.jpg
[2025-08-21T20:16:46.589Z] Processing: /library/modules/upload/files/quote_product/383/713422284c170b5c910374b641449fcf.png
[2025-08-21T20:16:46.691Z]   ✓ Downloaded (15632 bytes)
[2025-08-21T20:16:47.216Z]   ✓ Uploaded to Cloudinary: https://res.cloudinary.com/natemoshhh/image/upload/v1755807407/quote-builder/713422284c170b5c910374b641449fcf.png
[2025-08-21T20:16:47.318Z] Processing: /library/modules/upload/files/quote_product/384/addfcb9fdf017c13e2e8c403d8242cb2.png
[2025-08-21T20:16:47.419Z]   ✓ Downloaded (26058 bytes)
[2025-08-21T20:16:47.985Z]   ✓ Uploaded to Cloudinary: https://res.cloudinary.com/natemoshhh/image/upload/v1755807407/quote-builder/addfcb9fdf017c13e2e8c403d8242cb2.png
[2025-08-21T20:16:48.085Z] Processing: /library/modules/upload/files/quote_product/385/05b03a7d01da8c08d7194b8d5ebbea27.jpg
[2025-08-21T20:16:48.186Z]   ✓ Downloaded (6627 bytes)
[2025-08-21T20:16:48.808Z]   ✓ Uploaded to Cloudinary: https://res.cloudinary.com/natemoshhh/image/upload/v1755807408/quote-builder/05b03a7d01da8c08d7194b8d5ebbea27.jpg
[2025-08-21T20:16:48.909Z] Processing: /library/modules/upload/files/quote_product/386/8fbad61c1148d6c32b8e83e51815a6f4.png
[2025-08-21T20:16:49.012Z]   ✓ Downloaded (24967 bytes)
[2025-08-21T20:16:49.516Z]   ✓ Uploaded to Cloudinary: https://res.cloudinary.com/natemoshhh/image/upload/v1755807409/quote-builder/8fbad61c1148d6c32b8e83e51815a6f4.png
[2025-08-21T20:16:49.617Z] Processing: /library/modules/upload/files/quote_product/485/d94936385bb35f2e942788b505b2a85a.jpg
[2025-08-21T20:16:49.718Z]   ✓ Downloaded (15699 bytes)
[2025-08-21T20:16:50.376Z]   ✓ Uploaded to Cloudinary: https://res.cloudinary.com/natemoshhh/image/upload/v1755807410/quote-builder/d94936385bb35f2e942788b505b2a85a.jpg
[2025-08-21T20:16:50.477Z] Processing: /library/modules/upload/files/quote_product/486/deda522598f6894e3dd50b26681cbfc9.jpg
[2025-08-21T20:16:50.577Z]   ✓ Downloaded (15699 bytes)
[2025-08-21T20:16:51.117Z]   ✓ Uploaded to Cloudinary: https://res.cloudinary.com/natemoshhh/image/upload/v1755807410/quote-builder/deda522598f6894e3dd50b26681cbfc9.jpg
[2025-08-21T20:16:51.219Z] Processing: /library/modules/upload/files/quote_product/487/df78cc1600cd347814e4ae8c65e13037.jpg
[2025-08-21T20:16:51.322Z]   ✓ Downloaded (13367 bytes)
[2025-08-21T20:16:51.838Z]   ✓ Uploaded to Cloudinary: https://res.cloudinary.com/natemoshhh/image/upload/v1755807411/quote-builder/df78cc1600cd347814e4ae8c65e13037.jpg
[2025-08-21T20:16:51.939Z] Processing: /library/modules/upload/files/quote_product/389/f5289d9e88adfc8d2b584cdabf24d645.jpg
[2025-08-21T20:16:52.043Z]   ✓ Downloaded (5086 bytes)
[2025-08-21T20:16:52.654Z]   ✓ Uploaded to Cloudinary: https://res.cloudinary.com/natemoshhh/image/upload/v1755807412/quote-builder/f5289d9e88adfc8d2b584cdabf24d645.jpg
[2025-08-21T20:16:52.755Z] Processing: /library/modules/upload/files/quote_product/390/ed1777195278be206a318357e96cb3ad.jpg
[2025-08-21T20:16:52.855Z]   ✓ Downloaded (5697 bytes)
[2025-08-21T20:16:53.329Z]   ✓ Uploaded to Cloudinary: https://res.cloudinary.com/natemoshhh/image/upload/v1755807413/quote-builder/ed1777195278be206a318357e96cb3ad.jpg
[2025-08-21T20:16:53.430Z] Processing: /library/modules/upload/files/quote_product/391/6b0feda61829cfcc522d25c466611bf5.jpg
[2025-08-21T20:16:53.530Z]   ✓ Downloaded (11703 bytes)
[2025-08-21T20:16:53.996Z]   ✓ Uploaded to Cloudinary: https://res.cloudinary.com/natemoshhh/image/upload/v1755807413/quote-builder/6b0feda61829cfcc522d25c466611bf5.jpg
[2025-08-21T20:16:54.098Z] Processing: /library/modules/upload/files/quote_product/453/2f4a0e50ce8b5820fb62dc1ce1118fb5.jpg
[2025-08-21T20:16:54.198Z]   ✓ Downloaded (7396 bytes)
[2025-08-21T20:16:54.592Z]   ✓ Uploaded to Cloudinary: https://res.cloudinary.com/natemoshhh/image/upload/v1755807414/quote-builder/2f4a0e50ce8b5820fb62dc1ce1118fb5.jpg
[2025-08-21T20:16:54.693Z] Processing: /library/modules/upload/files/quote_product/392/e9d7fd96a6e94cb7202149627f9198b8.jpg
[2025-08-21T20:16:54.794Z]   ✓ Downloaded (4494 bytes)
[2025-08-21T20:16:55.219Z]   ✓ Uploaded to Cloudinary: https://res.cloudinary.com/natemoshhh/image/upload/v1755807415/quote-builder/e9d7fd96a6e94cb7202149627f9198b8.jpg
[2025-08-21T20:16:55.320Z] Processing: /library/modules/upload/files/quote_product/393/434f24d7f83970336f4cd5eda5c500bc.jpg
[2025-08-21T20:16:55.423Z]   ✓ Downloaded (10019 bytes)
[2025-08-21T20:16:56.096Z]   ✓ Uploaded to Cloudinary: https://res.cloudinary.com/natemoshhh/image/upload/v1755807415/quote-builder/434f24d7f83970336f4cd5eda5c500bc.jpg
[2025-08-21T20:16:56.197Z] Processing: /library/modules/upload/files/quote_product/394/15250e29746f63c4b17e8fb231b07d4b.jpg
[2025-08-21T20:16:56.297Z]   ✓ Downloaded (9668 bytes)
[2025-08-21T20:16:56.736Z]   ✓ Uploaded to Cloudinary: https://res.cloudinary.com/natemoshhh/image/upload/v1755807416/quote-builder/15250e29746f63c4b17e8fb231b07d4b.jpg
[2025-08-21T20:16:56.837Z] Processing: /library/modules/upload/files/quote_product/395/5e6e582035c4cca49315db34c68691cc.jpg
[2025-08-21T20:16:56.942Z]   ✓ Downloaded (10669 bytes)
[2025-08-21T20:16:57.409Z]   ✓ Uploaded to Cloudinary: https://res.cloudinary.com/natemoshhh/image/upload/v1755807417/quote-builder/5e6e582035c4cca49315db34c68691cc.jpg
[2025-08-21T20:16:57.510Z] Processing: /library/modules/upload/files/quote_product/396/f9c9400387610a41dd9daf7b39743509.jpg
[2025-08-21T20:16:57.612Z]   ✓ Downloaded (11048 bytes)
[2025-08-21T20:16:58.114Z]   ✓ Uploaded to Cloudinary: https://res.cloudinary.com/natemoshhh/image/upload/v1755807417/quote-builder/f9c9400387610a41dd9daf7b39743509.jpg
[2025-08-21T20:16:58.215Z] Processing: /library/modules/upload/files/quote_product/397/da6789b0f853d09eedefc3949f608b99.jpg
[2025-08-21T20:16:58.317Z]   ✓ Downloaded (5416 bytes)
[2025-08-21T20:16:59.029Z]   ✓ Uploaded to Cloudinary: https://res.cloudinary.com/natemoshhh/image/upload/v1755807418/quote-builder/da6789b0f853d09eedefc3949f608b99.jpg
[2025-08-21T20:16:59.130Z] Processing: /library/modules/upload/files/quote_product/398/863672bd663e3ef90bea3bfdbdc3af35.jpg
[2025-08-21T20:16:59.230Z]   ✓ Downloaded (5949 bytes)
[2025-08-21T20:17:00.534Z]   ✓ Uploaded to Cloudinary: https://res.cloudinary.com/natemoshhh/image/upload/v1755807419/quote-builder/863672bd663e3ef90bea3bfdbdc3af35.jpg
[2025-08-21T20:17:00.635Z] Processing: /library/modules/upload/files/quote_product/399/4b4761104ec904e32c899aea76857658.jpg
[2025-08-21T20:17:00.736Z]   ✓ Downloaded (8498 bytes)
[2025-08-21T20:17:01.236Z]   ✓ Uploaded to Cloudinary: https://res.cloudinary.com/natemoshhh/image/upload/v1755807421/quote-builder/4b4761104ec904e32c899aea76857658.jpg
[2025-08-21T20:17:01.337Z] Processing: /library/modules/upload/files/quote_product/401/51ab891f4afef0acc382bba6d7a82e7a.jpg
[2025-08-21T20:17:01.446Z]   ✓ Downloaded (4859 bytes)
[2025-08-21T20:17:01.895Z]   ✓ Uploaded to Cloudinary: https://res.cloudinary.com/natemoshhh/image/upload/v1755807421/quote-builder/51ab891f4afef0acc382bba6d7a82e7a.jpg
[2025-08-21T20:17:01.996Z] Processing: /library/modules/upload/files/quote_product/402/6cdba7b8c6fda509c1a812a41a806a5c.jpg
[2025-08-21T20:17:02.098Z]   ✓ Downloaded (6315 bytes)
[2025-08-21T20:17:02.976Z]   ✓ Uploaded to Cloudinary: https://res.cloudinary.com/natemoshhh/image/upload/v1755807422/quote-builder/6cdba7b8c6fda509c1a812a41a806a5c.jpg
[2025-08-21T20:17:03.077Z] Processing: /library/modules/upload/files/quote_product/403/53f1ae25399d91971329977a536d744b.jpg
[2025-08-21T20:17:03.178Z]   ✓ Downloaded (8210 bytes)
[2025-08-21T20:17:04.130Z]   ✓ Uploaded to Cloudinary: https://res.cloudinary.com/natemoshhh/image/upload/v1755807423/quote-builder/53f1ae25399d91971329977a536d744b.jpg
[2025-08-21T20:17:04.232Z] Processing: /library/modules/upload/files/quote_product/454/6db54a7475bb938fe99e7327166adc90.jpg
[2025-08-21T20:17:04.333Z]   ✓ Downloaded (7396 bytes)
[2025-08-21T20:17:04.693Z]   ✓ Uploaded to Cloudinary: https://res.cloudinary.com/natemoshhh/image/upload/v1755807424/quote-builder/6db54a7475bb938fe99e7327166adc90.jpg
[2025-08-21T20:17:04.793Z] Processing: /library/modules/upload/files/quote_product/478/4038800750150830f8233cb1ae7beaf4.jpg
[2025-08-21T20:17:04.894Z]   ✓ Downloaded (4316 bytes)
[2025-08-21T20:17:05.380Z]   ✓ Uploaded to Cloudinary: https://res.cloudinary.com/natemoshhh/image/upload/v1755807425/quote-builder/4038800750150830f8233cb1ae7beaf4.jpg
[2025-08-21T20:17:05.481Z] Processing: /library/modules/upload/files/quote_product/404/d84f47872fa329b57a3466e066bbc335.jpg
[2025-08-21T20:17:05.586Z]   ✓ Downloaded (7003 bytes)
[2025-08-21T20:17:05.947Z]   ✓ Uploaded to Cloudinary: https://res.cloudinary.com/natemoshhh/image/upload/v1755807425/quote-builder/d84f47872fa329b57a3466e066bbc335.jpg
[2025-08-21T20:17:06.048Z] Processing: /library/modules/upload/files/quote_product/405/5cf003653011479945e0acaa07f9633f.jpg
[2025-08-21T20:17:06.215Z]   ✓ Downloaded (7505 bytes)
[2025-08-21T20:17:06.680Z]   ✓ Uploaded to Cloudinary: https://res.cloudinary.com/natemoshhh/image/upload/v1755807426/quote-builder/5cf003653011479945e0acaa07f9633f.jpg
[2025-08-21T20:17:06.780Z] Processing: /library/modules/upload/files/quote_product/406/df2d37f0a9b570abacf5103bfd7ec5a4.jpg
[2025-08-21T20:17:06.881Z]   ✓ Downloaded (5181 bytes)
[2025-08-21T20:17:07.459Z]   ✓ Uploaded to Cloudinary: https://res.cloudinary.com/natemoshhh/image/upload/v1755807427/quote-builder/df2d37f0a9b570abacf5103bfd7ec5a4.jpg
[2025-08-21T20:17:07.562Z] Processing: /library/modules/upload/files/quote_product/407/765b3498ce81d3273611c3ff461a6726.jpg
[2025-08-21T20:17:07.715Z]   ✓ Downloaded (8754 bytes)
[2025-08-21T20:17:08.215Z]   ✓ Uploaded to Cloudinary: https://res.cloudinary.com/natemoshhh/image/upload/v1755807428/quote-builder/765b3498ce81d3273611c3ff461a6726.jpg
[2025-08-21T20:17:08.316Z] Processing: /library/modules/upload/files/quote_product/408/d239e5c118671c8bd1b39ec41b01d9b3.jpg
[2025-08-21T20:17:08.418Z]   ✓ Downloaded (13071 bytes)
[2025-08-21T20:17:08.904Z]   ✓ Uploaded to Cloudinary: https://res.cloudinary.com/natemoshhh/image/upload/v1755807428/quote-builder/d239e5c118671c8bd1b39ec41b01d9b3.jpg
[2025-08-21T20:17:09.004Z] Processing: /library/modules/upload/files/quote_product/409/b1877d3ac2bf0523186129693eabb03c.jpg
[2025-08-21T20:17:09.105Z]   ✓ Downloaded (7988 bytes)
[2025-08-21T20:17:09.603Z]   ✓ Uploaded to Cloudinary: https://res.cloudinary.com/natemoshhh/image/upload/v1755807429/quote-builder/b1877d3ac2bf0523186129693eabb03c.jpg
[2025-08-21T20:17:09.704Z] Processing: /library/modules/upload/files/quote_product/455/4704045b16f6a84424a2b2240fe9ea85.jpg
[2025-08-21T20:17:09.807Z]   ✓ Downloaded (7396 bytes)
[2025-08-21T20:17:10.274Z]   ✓ Uploaded to Cloudinary: https://res.cloudinary.com/natemoshhh/image/upload/v1755807430/quote-builder/4704045b16f6a84424a2b2240fe9ea85.jpg
[2025-08-21T20:17:10.375Z] Processing: /library/modules/upload/files/quote_product/472/3d4476d14977a7ea8342c35d3577401b.jpg
[2025-08-21T20:17:10.476Z]   ✓ Downloaded (12369 bytes)
[2025-08-21T20:17:10.982Z]   ✓ Uploaded to Cloudinary: https://res.cloudinary.com/natemoshhh/image/upload/v1755807430/quote-builder/3d4476d14977a7ea8342c35d3577401b.jpg
[2025-08-21T20:17:11.083Z] Processing: /library/modules/upload/files/quote_product/410/99af9c815ab400a1437d0f7c5c278c0d.jpg
[2025-08-21T20:17:11.182Z]   ✓ Downloaded (20912 bytes)
[2025-08-21T20:17:11.682Z]   ✓ Uploaded to Cloudinary: https://res.cloudinary.com/natemoshhh/image/upload/v1755807431/quote-builder/99af9c815ab400a1437d0f7c5c278c0d.jpg
[2025-08-21T20:17:11.783Z] Processing: /library/modules/upload/files/quote_product/413/47bc3638b5bac2fb72688d6f232511f8.jpg
[2025-08-21T20:17:11.884Z]   ✓ Downloaded (10918 bytes)
[2025-08-21T20:17:12.453Z]   ✓ Uploaded to Cloudinary: https://res.cloudinary.com/natemoshhh/image/upload/v1755807432/quote-builder/47bc3638b5bac2fb72688d6f232511f8.jpg
[2025-08-21T20:17:12.554Z] Processing: /library/modules/upload/files/quote_product/503/2829999b5e7aad9cee20dbefd5091b7c.jpg
[2025-08-21T20:17:12.652Z]   ✓ Downloaded (3721 bytes)
[2025-08-21T20:17:13.101Z]   ✓ Uploaded to Cloudinary: https://res.cloudinary.com/natemoshhh/image/upload/v1755807432/quote-builder/2829999b5e7aad9cee20dbefd5091b7c.jpg
[2025-08-21T20:17:13.202Z] Processing: /library/modules/upload/files/quote_product/524/58b8ef017c792968808a5cb2f031876a.jpg
[2025-08-21T20:17:13.304Z]   ✓ Downloaded (28571 bytes)
[2025-08-21T20:17:13.756Z]   ✓ Uploaded to Cloudinary: https://res.cloudinary.com/natemoshhh/image/upload/v1755807433/quote-builder/58b8ef017c792968808a5cb2f031876a.jpg
[2025-08-21T20:17:13.857Z] Processing: /library/modules/upload/files/quote_product/525/58b111ec9df5fdcc15c331491852249f.jpg
[2025-08-21T20:17:13.958Z]   ✓ Downloaded (27422 bytes)
[2025-08-21T20:17:14.441Z]   ✓ Uploaded to Cloudinary: https://res.cloudinary.com/natemoshhh/image/upload/v1755807434/quote-builder/58b111ec9df5fdcc15c331491852249f.jpg
[2025-08-21T20:17:14.542Z] Processing: /library/modules/upload/files/quote_product/233/d610b04ca5132365dce7bf7952a93b96.jpg
[2025-08-21T20:17:14.642Z]   ✓ Downloaded (10118 bytes)
[2025-08-21T20:17:15.171Z]   ✓ Uploaded to Cloudinary: https://res.cloudinary.com/natemoshhh/image/upload/v1755807434/quote-builder/d610b04ca5132365dce7bf7952a93b96.jpg
[2025-08-21T20:17:15.272Z] Processing: /library/modules/upload/files/quote_product/234/51f753312a00eae088eeb01bb07b82a7.jpg
[2025-08-21T20:17:15.375Z]   ✓ Downloaded (15128 bytes)
[2025-08-21T20:17:15.782Z]   ✓ Uploaded to Cloudinary: https://res.cloudinary.com/natemoshhh/image/upload/v1755807435/quote-builder/51f753312a00eae088eeb01bb07b82a7.jpg
[2025-08-21T20:17:15.883Z] Processing: /library/modules/upload/files/quote_product/251/b453cc09aa270a58250a11d2fa8744e4.jpg
[2025-08-21T20:17:15.987Z]   ✓ Downloaded (11181 bytes)
[2025-08-21T20:17:16.346Z]   ✓ Uploaded to Cloudinary: https://res.cloudinary.com/natemoshhh/image/upload/v1755807436/quote-builder/b453cc09aa270a58250a11d2fa8744e4.jpg
[2025-08-21T20:17:16.447Z] Processing: /library/modules/upload/files/quote_product/252/a002d2ca277a6c8063dd0c2f5684f56b.jpg
[2025-08-21T20:17:16.548Z]   ✓ Downloaded (9920 bytes)
[2025-08-21T20:17:17.125Z]   ✓ Uploaded to Cloudinary: https://res.cloudinary.com/natemoshhh/image/upload/v1755807436/quote-builder/a002d2ca277a6c8063dd0c2f5684f56b.jpg
[2025-08-21T20:17:17.227Z] Processing: /library/modules/upload/files/quote_product/253/0a4f0cd01a7009d9de3b65b94bdd7ab8.jpg
[2025-08-21T20:17:17.334Z]   ✓ Downloaded (9802 bytes)
[2025-08-21T20:17:17.949Z]   ✓ Uploaded to Cloudinary: https://res.cloudinary.com/natemoshhh/image/upload/v1755807437/quote-builder/0a4f0cd01a7009d9de3b65b94bdd7ab8.jpg
[2025-08-21T20:17:18.050Z] Processing: /library/modules/upload/files/quote_product/254/419579d283c40438883a4b402984b463.jpg
[2025-08-21T20:17:18.151Z]   ✓ Downloaded (11026 bytes)
[2025-08-21T20:17:19.119Z]   ✓ Uploaded to Cloudinary: https://res.cloudinary.com/natemoshhh/image/upload/v1755807438/quote-builder/419579d283c40438883a4b402984b463.jpg
[2025-08-21T20:17:19.220Z] Processing: /library/modules/upload/files/quote_product/255/59c61a2e93fd14560337f61544b41f68.jpg
[2025-08-21T20:17:19.322Z]   ✓ Downloaded (15568 bytes)
[2025-08-21T20:17:19.807Z]   ✓ Uploaded to Cloudinary: https://res.cloudinary.com/natemoshhh/image/upload/v1755807439/quote-builder/59c61a2e93fd14560337f61544b41f68.jpg
[2025-08-21T20:17:19.908Z] Processing: /library/modules/upload/files/quote_product/256/88105dc5a36a12f702929ecfb4f63e65.jpg
[2025-08-21T20:17:20.011Z]   ✓ Downloaded (16311 bytes)
[2025-08-21T20:17:20.425Z]   ✓ Uploaded to Cloudinary: https://res.cloudinary.com/natemoshhh/image/upload/v1755807440/quote-builder/88105dc5a36a12f702929ecfb4f63e65.jpg
[2025-08-21T20:17:20.525Z] Processing: /library/modules/upload/files/quote_product/257/8d1e2948361210cbc704c89aef1ab763.jpg
[2025-08-21T20:17:20.625Z]   ✓ Downloaded (16531 bytes)
[2025-08-21T20:17:21.102Z]   ✓ Uploaded to Cloudinary: https://res.cloudinary.com/natemoshhh/image/upload/v1755807440/quote-builder/8d1e2948361210cbc704c89aef1ab763.jpg
[2025-08-21T20:17:21.203Z] Processing: /library/modules/upload/files/quote_product/258/f0efeed415e4e3bfad60add81ab3bdf6.jpg
[2025-08-21T20:17:21.304Z]   ✓ Downloaded (15824 bytes)
[2025-08-21T20:17:21.748Z]   ✓ Uploaded to Cloudinary: https://res.cloudinary.com/natemoshhh/image/upload/v1755807441/quote-builder/f0efeed415e4e3bfad60add81ab3bdf6.jpg
[2025-08-21T20:17:21.849Z] Processing: /library/modules/upload/files/quote_product/259/8ad266f122c5a2d500e9e6e07f8be5d8.jpg
[2025-08-21T20:17:21.957Z]   ✓ Downloaded (12483 bytes)
[2025-08-21T20:17:22.445Z]   ✓ Uploaded to Cloudinary: https://res.cloudinary.com/natemoshhh/image/upload/v1755807442/quote-builder/8ad266f122c5a2d500e9e6e07f8be5d8.jpg
[2025-08-21T20:17:22.547Z] Processing: /library/modules/upload/files/quote_product/260/e721758b891c1bb1ad765a332ce0f99e.jpg
[2025-08-21T20:17:22.647Z]   ✓ Downloaded (12033 bytes)
[2025-08-21T20:17:23.225Z]   ✓ Uploaded to Cloudinary: https://res.cloudinary.com/natemoshhh/image/upload/v1755807443/quote-builder/e721758b891c1bb1ad765a332ce0f99e.jpg
[2025-08-21T20:17:23.326Z] Processing: /library/modules/upload/files/quote_product/261/2988246487361231336abb72795ac1f3.jpg
[2025-08-21T20:17:23.426Z]   ✓ Downloaded (11503 bytes)
[2025-08-21T20:17:23.844Z]   ✓ Uploaded to Cloudinary: https://res.cloudinary.com/natemoshhh/image/upload/v1755807443/quote-builder/2988246487361231336abb72795ac1f3.jpg
[2025-08-21T20:17:23.945Z] Processing: /library/modules/upload/files/quote_product/262/3ab06f6b0b4c9778c9069857e132a117.jpg
[2025-08-21T20:17:24.046Z]   ✓ Downloaded (6648 bytes)
[2025-08-21T20:17:24.466Z]   ✓ Uploaded to Cloudinary: https://res.cloudinary.com/natemoshhh/image/upload/v1755807444/quote-builder/3ab06f6b0b4c9778c9069857e132a117.jpg
[2025-08-21T20:17:24.567Z] Processing: /library/modules/upload/files/quote_product/263/5ac5fb3b52bd3398c53a406c629a6fa4.jpg
[2025-08-21T20:17:24.667Z]   ✓ Downloaded (6825 bytes)
[2025-08-21T20:17:25.062Z]   ✓ Uploaded to Cloudinary: https://res.cloudinary.com/natemoshhh/image/upload/v1755807444/quote-builder/5ac5fb3b52bd3398c53a406c629a6fa4.jpg
[2025-08-21T20:17:25.164Z] Processing: /library/modules/upload/files/quote_product/264/f6af73327d1ab74486f962fca40a0a7a.jpg
[2025-08-21T20:17:25.264Z]   ✓ Downloaded (7065 bytes)
[2025-08-21T20:17:25.691Z]   ✓ Uploaded to Cloudinary: https://res.cloudinary.com/natemoshhh/image/upload/v1755807445/quote-builder/f6af73327d1ab74486f962fca40a0a7a.jpg
[2025-08-21T20:17:25.792Z] Processing: /library/modules/upload/files/quote_product/265/5c192537f4c89ced5f330f1485fbdec2.jpg
[2025-08-21T20:17:25.892Z]   ✓ Downloaded (6908 bytes)
[2025-08-21T20:17:26.330Z]   ✓ Uploaded to Cloudinary: https://res.cloudinary.com/natemoshhh/image/upload/v1755807446/quote-builder/5c192537f4c89ced5f330f1485fbdec2.jpg
[2025-08-21T20:17:26.431Z] Processing: /library/modules/upload/files/quote_product/266/1bf97efbc06e666ed119f0874041cd74.jpg
[2025-08-21T20:17:26.531Z]   ✓ Downloaded (7447 bytes)
[2025-08-21T20:17:27.005Z]   ✓ Uploaded to Cloudinary: https://res.cloudinary.com/natemoshhh/image/upload/v1755807446/quote-builder/1bf97efbc06e666ed119f0874041cd74.jpg
[2025-08-21T20:17:27.105Z] Processing: /library/modules/upload/files/quote_product/267/25e8736ad9f5f9e9f0eb9051d35fe62e.jpg
[2025-08-21T20:17:27.212Z]   ✓ Downloaded (6846 bytes)
[2025-08-21T20:17:27.764Z]   ✓ Uploaded to Cloudinary: https://res.cloudinary.com/natemoshhh/image/upload/v1755807447/quote-builder/25e8736ad9f5f9e9f0eb9051d35fe62e.jpg
[2025-08-21T20:17:27.865Z] Processing: /library/modules/upload/files/quote_product/268/700d2f3c8b79b1a1e25a7233a342b22e.jpg
[2025-08-21T20:17:27.965Z]   ✓ Downloaded (7012 bytes)
[2025-08-21T20:17:28.525Z]   ✓ Uploaded to Cloudinary: https://res.cloudinary.com/natemoshhh/image/upload/v1755807448/quote-builder/700d2f3c8b79b1a1e25a7233a342b22e.jpg
[2025-08-21T20:17:28.626Z] Processing: /library/modules/upload/files/quote_product/269/d5f6352110423206f45de01ea88d708d.jpg
[2025-08-21T20:17:28.732Z]   ✓ Downloaded (7207 bytes)
[2025-08-21T20:17:29.218Z]   ✓ Uploaded to Cloudinary: https://res.cloudinary.com/natemoshhh/image/upload/v1755807449/quote-builder/d5f6352110423206f45de01ea88d708d.jpg
[2025-08-21T20:17:29.320Z] Processing: /library/modules/upload/files/quote_product/270/d4a2eada440b1da663d875831f9773c9.jpg
[2025-08-21T20:17:29.420Z]   ✓ Downloaded (7526 bytes)
[2025-08-21T20:17:31.957Z]   ✓ Uploaded to Cloudinary: https://res.cloudinary.com/natemoshhh/image/upload/v1755807449/quote-builder/d4a2eada440b1da663d875831f9773c9.jpg
[2025-08-21T20:17:32.058Z] Processing: /library/modules/upload/files/quote_product/271/6160389e6949042cd5e1cf00e4e14eba.jpg
[2025-08-21T20:17:32.160Z]   ✓ Downloaded (7788 bytes)
[2025-08-21T20:17:32.726Z]   ✓ Uploaded to Cloudinary: https://res.cloudinary.com/natemoshhh/image/upload/v1755807452/quote-builder/6160389e6949042cd5e1cf00e4e14eba.jpg
[2025-08-21T20:17:32.826Z] Processing: /library/modules/upload/files/quote_product/272/e35a30fa755293a4677d2b6c42dcfce7.jpg
[2025-08-21T20:17:32.927Z]   ✓ Downloaded (6476 bytes)
[2025-08-21T20:17:33.325Z]   ✓ Uploaded to Cloudinary: https://res.cloudinary.com/natemoshhh/image/upload/v1755807453/quote-builder/e35a30fa755293a4677d2b6c42dcfce7.jpg
[2025-08-21T20:17:33.426Z] Processing: /library/modules/upload/files/quote_product/273/4de8cebfd64e3ebceceb8065aed9fe3f.jpg
[2025-08-21T20:17:33.526Z]   ✓ Downloaded (7963 bytes)
[2025-08-21T20:17:33.884Z]   ✓ Uploaded to Cloudinary: https://res.cloudinary.com/natemoshhh/image/upload/v1755807453/quote-builder/4de8cebfd64e3ebceceb8065aed9fe3f.jpg
[2025-08-21T20:17:33.985Z] Processing: /library/modules/upload/files/quote_product/274/04e42d10a6a59e361691529fd19915a4.jpg
[2025-08-21T20:17:34.085Z]   ✓ Downloaded (7583 bytes)
[2025-08-21T20:17:34.498Z]   ✓ Uploaded to Cloudinary: https://res.cloudinary.com/natemoshhh/image/upload/v1755807454/quote-builder/04e42d10a6a59e361691529fd19915a4.jpg
[2025-08-21T20:17:34.599Z] Processing: /library/modules/upload/files/quote_product/275/100710329cf31612521729e9bbf7f1ff.jpg
[2025-08-21T20:17:34.700Z]   ✓ Downloaded (7571 bytes)
[2025-08-21T20:17:35.097Z]   ✓ Uploaded to Cloudinary: https://res.cloudinary.com/natemoshhh/image/upload/v1755807455/quote-builder/100710329cf31612521729e9bbf7f1ff.jpg
[2025-08-21T20:17:35.198Z] Processing: /library/modules/upload/files/quote_product/276/489963f8101a3878d810a1eefa42ed58.jpg
[2025-08-21T20:17:35.301Z]   ✓ Downloaded (8457 bytes)
[2025-08-21T20:17:35.897Z]   ✓ Uploaded to Cloudinary: https://res.cloudinary.com/natemoshhh/image/upload/v1755807455/quote-builder/489963f8101a3878d810a1eefa42ed58.jpg
[2025-08-21T20:17:35.999Z] Processing: /library/modules/upload/files/quote_product/277/65b57c57bf04b70bf2408f8dd43b9791.jpg
[2025-08-21T20:17:36.100Z]   ✓ Downloaded (9196 bytes)
[2025-08-21T20:17:36.531Z]   ✓ Uploaded to Cloudinary: https://res.cloudinary.com/natemoshhh/image/upload/v1755807456/quote-builder/65b57c57bf04b70bf2408f8dd43b9791.jpg
[2025-08-21T20:17:36.633Z] Processing: /library/modules/upload/files/quote_product/278/01e022e0f3f0630091f24617e1d80aed.jpg
[2025-08-21T20:17:36.822Z]   ✓ Downloaded (118380 bytes)
[2025-08-21T20:17:37.515Z]   ✓ Uploaded to Cloudinary: https://res.cloudinary.com/natemoshhh/image/upload/v1755807457/quote-builder/01e022e0f3f0630091f24617e1d80aed.jpg
[2025-08-21T20:17:37.617Z] Processing: /library/modules/upload/files/quote_product/279/4334ccf33cf2052474670be5180aab0b.jpg
[2025-08-21T20:17:37.741Z]   ✓ Downloaded (167830 bytes)
[2025-08-21T20:17:38.228Z]   ✓ Uploaded to Cloudinary: https://res.cloudinary.com/natemoshhh/image/upload/v1755807458/quote-builder/4334ccf33cf2052474670be5180aab0b.jpg
[2025-08-21T20:17:38.329Z] Processing: /library/modules/upload/files/quote_product/280/6b0f19be1f939ebb4987cb5af06b63e5.jpg
[2025-08-21T20:17:38.453Z]   ✓ Downloaded (148930 bytes)
[2025-08-21T20:17:39.129Z]   ✓ Uploaded to Cloudinary: https://res.cloudinary.com/natemoshhh/image/upload/v1755807458/quote-builder/6b0f19be1f939ebb4987cb5af06b63e5.jpg
[2025-08-21T20:17:39.231Z] Processing: /library/modules/upload/files/quote_product/281/b904edb8bf35a4015a4b33504a73f07d.jpg
[2025-08-21T20:17:39.349Z]   ✓ Downloaded (166639 bytes)
[2025-08-21T20:17:39.826Z]   ✓ Uploaded to Cloudinary: https://res.cloudinary.com/natemoshhh/image/upload/v1755807459/quote-builder/b904edb8bf35a4015a4b33504a73f07d.jpg
[2025-08-21T20:17:39.927Z] Processing: /library/modules/upload/files/quote_product/282/80296eb251e6379980050d557393ee62.jpg
[2025-08-21T20:17:40.029Z]   ✓ Downloaded (30978 bytes)
[2025-08-21T20:17:40.549Z]   ✓ Uploaded to Cloudinary: https://res.cloudinary.com/natemoshhh/image/upload/v1755807460/quote-builder/80296eb251e6379980050d557393ee62.jpg
[2025-08-21T20:17:40.650Z] Processing: /library/modules/upload/files/quote_product/283/ed61975f4b4ac75bfc12fb9b49a7addc.jpg
[2025-08-21T20:17:40.750Z]   ✓ Downloaded (9835 bytes)
[2025-08-21T20:17:41.455Z]   ✓ Uploaded to Cloudinary: https://res.cloudinary.com/natemoshhh/image/upload/v1755807461/quote-builder/ed61975f4b4ac75bfc12fb9b49a7addc.jpg
[2025-08-21T20:17:41.556Z] Processing: /library/modules/upload/files/quote_product/474/1fb84f19f1291e006f9013c2d20b76a3.jpg
[2025-08-21T20:17:41.664Z]   ✓ Downloaded (120744 bytes)
[2025-08-21T20:17:42.147Z]   ✓ Uploaded to Cloudinary: https://res.cloudinary.com/natemoshhh/image/upload/v1755807462/quote-builder/1fb84f19f1291e006f9013c2d20b76a3.jpg
[2025-08-21T20:17:42.248Z] Processing: /library/modules/upload/files/quote_product/475/e722150d72da2e6f872c2350cc05f8ae.jpg
[2025-08-21T20:17:42.370Z]   ✓ Downloaded (131273 bytes)
[2025-08-21T20:17:42.964Z]   ✓ Uploaded to Cloudinary: https://res.cloudinary.com/natemoshhh/image/upload/v1755807462/quote-builder/e722150d72da2e6f872c2350cc05f8ae.jpg
[2025-08-21T20:17:43.066Z] Processing: /library/modules/upload/files/quote_product/284/eeb3c39577f8bf07ccb91841dca1910c.jpg
[2025-08-21T20:17:43.167Z]   ✓ Downloaded (7915 bytes)
[2025-08-21T20:17:43.857Z]   ✓ Uploaded to Cloudinary: https://res.cloudinary.com/natemoshhh/image/upload/v1755807463/quote-builder/eeb3c39577f8bf07ccb91841dca1910c.jpg
[2025-08-21T20:17:43.958Z] Processing: /library/modules/upload/files/quote_product/285/5cef54cd00aa4a5fb37f67d2abbdeb5f.jpg
[2025-08-21T20:17:44.059Z]   ✓ Downloaded (16225 bytes)
[2025-08-21T20:17:44.866Z]   ✓ Uploaded to Cloudinary: https://res.cloudinary.com/natemoshhh/image/upload/v1755807464/quote-builder/5cef54cd00aa4a5fb37f67d2abbdeb5f.jpg
[2025-08-21T20:17:44.967Z] Processing: /library/modules/upload/files/quote_product/286/bc93d5da9166055cf4addaec39e272e5.jpg
[2025-08-21T20:17:45.068Z]   ✓ Downloaded (19738 bytes)
[2025-08-21T20:17:45.572Z]   ✓ Uploaded to Cloudinary: https://res.cloudinary.com/natemoshhh/image/upload/v1755807465/quote-builder/bc93d5da9166055cf4addaec39e272e5.jpg
[2025-08-21T20:17:45.674Z] Processing: /library/modules/upload/files/quote_product/287/d93cbe54e223ac1e6a75add06a0c5d6b.jpg
[2025-08-21T20:17:45.775Z]   ✓ Downloaded (10170 bytes)
[2025-08-21T20:17:46.271Z]   ✓ Uploaded to Cloudinary: https://res.cloudinary.com/natemoshhh/image/upload/v1755807466/quote-builder/d93cbe54e223ac1e6a75add06a0c5d6b.jpg
[2025-08-21T20:17:46.372Z] Processing: /library/modules/upload/files/quote_product/288/cb8bd1075656e46b02542b60abe84bcb.jpg
[2025-08-21T20:17:46.473Z]   ✓ Downloaded (8098 bytes)
[2025-08-21T20:17:47.058Z]   ✓ Uploaded to Cloudinary: https://res.cloudinary.com/natemoshhh/image/upload/v1755807466/quote-builder/cb8bd1075656e46b02542b60abe84bcb.jpg
[2025-08-21T20:17:47.159Z] Processing: /library/modules/upload/files/quote_product/291/6f4735186ded9284075bede005053c34.jpg
[2025-08-21T20:17:47.261Z]   ✓ Downloaded (5388 bytes)
[2025-08-21T20:17:47.664Z]   ✓ Uploaded to Cloudinary: https://res.cloudinary.com/natemoshhh/image/upload/v1755807467/quote-builder/6f4735186ded9284075bede005053c34.jpg
[2025-08-21T20:17:47.765Z] Processing: /library/modules/upload/files/quote_product/292/adcde28ac3922555ddbf7495d1a2019c.jpg
[2025-08-21T20:17:47.865Z]   ✓ Downloaded (5821 bytes)
[2025-08-21T20:17:48.510Z]   ✓ Uploaded to Cloudinary: https://res.cloudinary.com/natemoshhh/image/upload/v1755807468/quote-builder/adcde28ac3922555ddbf7495d1a2019c.jpg
[2025-08-21T20:17:48.610Z] Processing: /library/modules/upload/files/quote_product/293/0190048d97373623ef6362e25e2ba252.jpg
[2025-08-21T20:17:48.712Z]   ✓ Downloaded (5478 bytes)
[2025-08-21T20:17:49.215Z]   ✓ Uploaded to Cloudinary: https://res.cloudinary.com/natemoshhh/image/upload/v1755807469/quote-builder/0190048d97373623ef6362e25e2ba252.jpg
[2025-08-21T20:17:49.316Z] Processing: /library/modules/upload/files/quote_product/294/ce25be93d3a6076d1488103dbe43aff5.jpg
[2025-08-21T20:17:49.417Z]   ✓ Downloaded (4275 bytes)
[2025-08-21T20:17:49.790Z]   ✓ Uploaded to Cloudinary: https://res.cloudinary.com/natemoshhh/image/upload/v1755807469/quote-builder/ce25be93d3a6076d1488103dbe43aff5.jpg
[2025-08-21T20:17:49.891Z] Processing: /library/modules/upload/files/quote_product/295/5c0d4aa72113e916e1363f221a24002d.jpg
[2025-08-21T20:17:49.990Z]   ✓ Downloaded (3017 bytes)
[2025-08-21T20:17:50.381Z]   ✓ Uploaded to Cloudinary: https://res.cloudinary.com/natemoshhh/image/upload/v1755807470/quote-builder/5c0d4aa72113e916e1363f221a24002d.jpg
[2025-08-21T20:17:50.481Z] Processing: /library/modules/upload/files/quote_product/296/53a3988871f2b3009e8b7c5e432baf66.jpg
[2025-08-21T20:17:50.582Z]   ✓ Downloaded (4003 bytes)
[2025-08-21T20:17:51.670Z]   ✓ Uploaded to Cloudinary: https://res.cloudinary.com/natemoshhh/image/upload/v1755807471/quote-builder/53a3988871f2b3009e8b7c5e432baf66.jpg
[2025-08-21T20:17:51.788Z] Processing: /library/modules/upload/files/quote_product/297/8b9eb9a7543e30f665eafad167d23476.jpg
[2025-08-21T20:17:51.895Z]   ✓ Downloaded (3648 bytes)
[2025-08-21T20:17:52.345Z]   ✓ Uploaded to Cloudinary: https://res.cloudinary.com/natemoshhh/image/upload/v1755807472/quote-builder/8b9eb9a7543e30f665eafad167d23476.jpg
[2025-08-21T20:17:52.446Z] Processing: /library/modules/upload/files/quote_product/298/15220a64103220c2be65033dc05e8322.jpg
[2025-08-21T20:17:52.546Z]   ✓ Downloaded (8954 bytes)
[2025-08-21T20:17:52.933Z]   ✓ Uploaded to Cloudinary: https://res.cloudinary.com/natemoshhh/image/upload/v1755807472/quote-builder/15220a64103220c2be65033dc05e8322.jpg
[2025-08-21T20:17:53.035Z] Processing: /library/modules/upload/files/quote_product/299/9f2a61f653ef5f5f55bab4000539ae13.jpg
[2025-08-21T20:17:53.135Z]   ✓ Downloaded (10671 bytes)
[2025-08-21T20:17:53.598Z]   ✓ Uploaded to Cloudinary: https://res.cloudinary.com/natemoshhh/image/upload/v1755807473/quote-builder/9f2a61f653ef5f5f55bab4000539ae13.jpg
[2025-08-21T20:17:53.699Z] Processing: /library/modules/upload/files/quote_product/300/6aed70e78becf7c3605d12b728b2c194.jpg
[2025-08-21T20:17:53.799Z]   ✓ Downloaded (10879 bytes)
[2025-08-21T20:17:54.188Z]   ✓ Uploaded to Cloudinary: https://res.cloudinary.com/natemoshhh/image/upload/v1755807474/quote-builder/6aed70e78becf7c3605d12b728b2c194.jpg
[2025-08-21T20:17:54.288Z] Processing: /library/modules/upload/files/quote_product/301/3e11a50c0b0015ceec1c26eed3757c3e.jpg
[2025-08-21T20:17:54.391Z]   ✓ Downloaded (12948 bytes)
[2025-08-21T20:17:54.781Z]   ✓ Uploaded to Cloudinary: https://res.cloudinary.com/natemoshhh/image/upload/v1755807474/quote-builder/3e11a50c0b0015ceec1c26eed3757c3e.jpg
[2025-08-21T20:17:54.882Z] Processing: /library/modules/upload/files/quote_product/302/b280f2b92e49507ae4a15c660d28be0a.jpg
[2025-08-21T20:17:54.985Z]   ✓ Downloaded (11963 bytes)
[2025-08-21T20:17:55.487Z]   ✓ Uploaded to Cloudinary: https://res.cloudinary.com/natemoshhh/image/upload/v1755807475/quote-builder/b280f2b92e49507ae4a15c660d28be0a.jpg
[2025-08-21T20:17:55.587Z] Processing: /library/modules/upload/files/quote_product/303/edcb0926b2a2d7fa635193cccf9bdf10.jpg
[2025-08-21T20:17:55.688Z]   ✓ Downloaded (10308 bytes)
[2025-08-21T20:17:56.491Z]   ✓ Uploaded to Cloudinary: https://res.cloudinary.com/natemoshhh/image/upload/v1755807476/quote-builder/edcb0926b2a2d7fa635193cccf9bdf10.jpg
[2025-08-21T20:17:56.591Z] Processing: /library/modules/upload/files/quote_product/443/9407214591f07c26a667e793002b60f2.jpg
[2025-08-21T20:17:56.694Z]   ✓ Downloaded (9789 bytes)
[2025-08-21T20:17:57.140Z]   ✓ Uploaded to Cloudinary: https://res.cloudinary.com/natemoshhh/image/upload/v1755807477/quote-builder/9407214591f07c26a667e793002b60f2.jpg
[2025-08-21T20:17:57.240Z] Processing: /library/modules/upload/files/quote_product/444/32a75cda6efce4ec511a02d8ad668b92.jpg
[2025-08-21T20:17:57.343Z]   ✓ Downloaded (9840 bytes)
[2025-08-21T20:17:57.809Z]   ✓ Uploaded to Cloudinary: https://res.cloudinary.com/natemoshhh/image/upload/v1755807477/quote-builder/32a75cda6efce4ec511a02d8ad668b92.jpg
[2025-08-21T20:17:57.910Z] Processing: /library/modules/upload/files/quote_product/445/53cc46e6a4158deb26802e2bbfeb10f2.jpg
[2025-08-21T20:17:58.011Z]   ✓ Downloaded (10967 bytes)
[2025-08-21T20:17:58.475Z]   ✓ Uploaded to Cloudinary: https://res.cloudinary.com/natemoshhh/image/upload/v1755807478/quote-builder/53cc46e6a4158deb26802e2bbfeb10f2.jpg
[2025-08-21T20:17:58.576Z] Processing: /library/modules/upload/files/quote_product/308/b30ca1d198227b4207fdeedc3c871ef8.jpg
[2025-08-21T20:17:58.676Z]   ✓ Downloaded (10056 bytes)
[2025-08-21T20:17:59.164Z]   ✓ Uploaded to Cloudinary: https://res.cloudinary.com/natemoshhh/image/upload/v1755807479/quote-builder/b30ca1d198227b4207fdeedc3c871ef8.jpg
[2025-08-21T20:17:59.265Z] Processing: /library/modules/upload/files/quote_product/309/78343e259da715025b22176248be5918.jpg
[2025-08-21T20:17:59.365Z]   ✓ Downloaded (9796 bytes)
[2025-08-21T20:17:59.783Z]   ✓ Uploaded to Cloudinary: https://res.cloudinary.com/natemoshhh/image/upload/v1755807479/quote-builder/78343e259da715025b22176248be5918.jpg
[2025-08-21T20:17:59.884Z] Processing: /library/modules/upload/files/quote_product/310/a040deff83af6ae52bad34e948db87d4.jpg
[2025-08-21T20:17:59.985Z]   ✓ Downloaded (15111 bytes)
[2025-08-21T20:18:00.401Z]   ✓ Uploaded to Cloudinary: https://res.cloudinary.com/natemoshhh/image/upload/v1755807480/quote-builder/a040deff83af6ae52bad34e948db87d4.jpg
[2025-08-21T20:18:00.501Z] Processing: /library/modules/upload/files/quote_product/311/e0d59790d5ea9fa0754d39b4ec6241a5.jpg
[2025-08-21T20:18:00.601Z]   ✓ Downloaded (22127 bytes)
[2025-08-21T20:18:01.392Z]   ✓ Uploaded to Cloudinary: https://res.cloudinary.com/natemoshhh/image/upload/v1755807480/quote-builder/e0d59790d5ea9fa0754d39b4ec6241a5.jpg
[2025-08-21T20:18:01.493Z] Processing: /library/modules/upload/files/quote_product/312/61bde2c657d03b756d565d3b5b8edddd.jpg
[2025-08-21T20:18:01.598Z]   ✓ Downloaded (16496 bytes)
[2025-08-21T20:18:02.043Z]   ✓ Uploaded to Cloudinary: https://res.cloudinary.com/natemoshhh/image/upload/v1755807481/quote-builder/61bde2c657d03b756d565d3b5b8edddd.jpg
[2025-08-21T20:18:02.145Z] Processing: /library/modules/upload/files/quote_product/313/33ed355e6d8f8380e648d992d4618004.jpg
[2025-08-21T20:18:02.245Z]   ✓ Downloaded (8475 bytes)
[2025-08-21T20:18:02.908Z]   ✓ Uploaded to Cloudinary: https://res.cloudinary.com/natemoshhh/image/upload/v1755807482/quote-builder/33ed355e6d8f8380e648d992d4618004.jpg
[2025-08-21T20:18:03.009Z] Processing: /library/modules/upload/files/quote_product/314/7601dcd45ea831aac55a052190b82366.jpg
[2025-08-21T20:18:03.111Z]   ✓ Downloaded (11808 bytes)
[2025-08-21T20:18:03.821Z]   ✓ Uploaded to Cloudinary: https://res.cloudinary.com/natemoshhh/image/upload/v1755807483/quote-builder/7601dcd45ea831aac55a052190b82366.jpg
[2025-08-21T20:18:03.921Z] Processing: /library/modules/upload/files/quote_product/315/09b2c1d977ef9ae9bee1f30b533c7494.jpg
[2025-08-21T20:18:04.022Z]   ✓ Downloaded (9027 bytes)
[2025-08-21T20:18:05.154Z]   ✓ Uploaded to Cloudinary: https://res.cloudinary.com/natemoshhh/image/upload/v1755807484/quote-builder/09b2c1d977ef9ae9bee1f30b533c7494.jpg
[2025-08-21T20:18:05.255Z] Processing: /library/modules/upload/files/quote_product/456/f6b622aaa77858b41a0fe21beae71b3c.jpg
[2025-08-21T20:18:05.356Z]   ✓ Downloaded (7396 bytes)
[2025-08-21T20:18:05.970Z]   ✓ Uploaded to Cloudinary: https://res.cloudinary.com/natemoshhh/image/upload/v1755807485/quote-builder/f6b622aaa77858b41a0fe21beae71b3c.jpg
[2025-08-21T20:18:06.071Z] Processing: /library/modules/upload/files/quote_product/501/9cecfd62b5bfea0f8b19c2a7c34dd97f.jpg
[2025-08-21T20:18:06.172Z]   ✓ Downloaded (19807 bytes)
[2025-08-21T20:18:06.837Z]   ✓ Uploaded to Cloudinary: https://res.cloudinary.com/natemoshhh/image/upload/v1755807486/quote-builder/9cecfd62b5bfea0f8b19c2a7c34dd97f.jpg
[2025-08-21T20:18:06.938Z] Processing: /library/modules/upload/files/quote_product/494/420f84df75b58a6def6157a7a9a9b896.jpg
[2025-08-21T20:18:07.037Z]   ✓ Downloaded (2310 bytes)
[2025-08-21T20:18:07.588Z]   ✓ Uploaded to Cloudinary: https://res.cloudinary.com/natemoshhh/image/upload/v1755807487/quote-builder/420f84df75b58a6def6157a7a9a9b896.jpg
[2025-08-21T20:18:07.688Z] Processing: /library/modules/upload/files/quote_product/495/4091505cddc06d9f3d91e060e4fceb9c.jpg
[2025-08-21T20:18:07.788Z]   ✓ Downloaded (2362 bytes)
[2025-08-21T20:18:08.579Z]   ✓ Uploaded to Cloudinary: https://res.cloudinary.com/natemoshhh/image/upload/v1755807488/quote-builder/4091505cddc06d9f3d91e060e4fceb9c.jpg
[2025-08-21T20:18:08.680Z] Processing: /library/modules/upload/files/quote_product/496/806b6ce7cc75820cd241df0fd19ed4ef.jpg
[2025-08-21T20:18:08.779Z]   ✓ Downloaded (2246 bytes)
[2025-08-21T20:18:09.428Z]   ✓ Uploaded to Cloudinary: https://res.cloudinary.com/natemoshhh/image/upload/v1755807489/quote-builder/806b6ce7cc75820cd241df0fd19ed4ef.jpg
[2025-08-21T20:18:09.528Z] Processing: /library/modules/upload/files/quote_product/497/1be47319ecf712ad3b3f4f95708efc83.jpg
[2025-08-21T20:18:09.626Z]   ✓ Downloaded (2296 bytes)
[2025-08-21T20:18:10.568Z]   ✓ Uploaded to Cloudinary: https://res.cloudinary.com/natemoshhh/image/upload/v1755807489/quote-builder/1be47319ecf712ad3b3f4f95708efc83.jpg
[2025-08-21T20:18:10.669Z] Processing: /library/modules/upload/files/quote_product/498/76b344f4a4c5101f81ee0d804c082c35.jpg
[2025-08-21T20:18:10.771Z]   ✓ Downloaded (2169 bytes)
[2025-08-21T20:18:11.336Z]   ✓ Uploaded to Cloudinary: https://res.cloudinary.com/natemoshhh/image/upload/v1755807491/quote-builder/76b344f4a4c5101f81ee0d804c082c35.jpg
[2025-08-21T20:18:11.437Z] Processing: /library/modules/upload/files/quote_product/499/d8c3e65d1362a34e9f69f4af7b167190.jpg
[2025-08-21T20:18:11.536Z]   ✓ Downloaded (2084 bytes)
[2025-08-21T20:18:11.997Z]   ✓ Uploaded to Cloudinary: https://res.cloudinary.com/natemoshhh/image/upload/v1755807491/quote-builder/d8c3e65d1362a34e9f69f4af7b167190.jpg
[2025-08-21T20:18:12.098Z] Processing: /library/modules/upload/files/quote_product/316/95ffe724e34e061dd9afbb936bf58afc.jpg
[2025-08-21T20:18:12.198Z]   ✓ Downloaded (8675 bytes)
[2025-08-21T20:18:12.563Z]   ✓ Uploaded to Cloudinary: https://res.cloudinary.com/natemoshhh/image/upload/v1755807492/quote-builder/95ffe724e34e061dd9afbb936bf58afc.jpg
[2025-08-21T20:18:12.664Z] Processing: /library/modules/upload/files/quote_product/317/9de9adc894bebd567eab61dcd6b60c5e.jpg
[2025-08-21T20:18:12.764Z]   ✓ Downloaded (8404 bytes)
[2025-08-21T20:18:13.543Z]   ✓ Uploaded to Cloudinary: https://res.cloudinary.com/natemoshhh/image/upload/v1755807493/quote-builder/9de9adc894bebd567eab61dcd6b60c5e.jpg
[2025-08-21T20:18:13.644Z] Processing: /library/modules/upload/files/quote_product/318/b42724094900f014b845d88bc077c93e.jpg
[2025-08-21T20:18:13.745Z]   ✓ Downloaded (8404 bytes)
[2025-08-21T20:18:14.232Z]   ✓ Uploaded to Cloudinary: https://res.cloudinary.com/natemoshhh/image/upload/v1755807494/quote-builder/b42724094900f014b845d88bc077c93e.jpg
[2025-08-21T20:18:14.333Z] Processing: /library/modules/upload/files/quote_product/319/a9cae60cc98f206850a3333b069cc868.jpg
[2025-08-21T20:18:14.434Z]   ✓ Downloaded (7520 bytes)
[2025-08-21T20:18:14.858Z]   ✓ Uploaded to Cloudinary: https://res.cloudinary.com/natemoshhh/image/upload/v1755807494/quote-builder/a9cae60cc98f206850a3333b069cc868.jpg
[2025-08-21T20:18:14.959Z] Processing: /library/modules/upload/files/quote_product/320/85922a81b33b5b07a27d155c507258e4.jpg
[2025-08-21T20:18:15.064Z]   ✓ Downloaded (7829 bytes)
[2025-08-21T20:18:15.479Z]   ✓ Uploaded to Cloudinary: https://res.cloudinary.com/natemoshhh/image/upload/v1755807495/quote-builder/85922a81b33b5b07a27d155c507258e4.jpg
[2025-08-21T20:18:15.580Z] Processing: /library/modules/upload/files/quote_product/477/af5098a2538b0c400c38aa215cb808bb.jpg
[2025-08-21T20:18:15.681Z]   ✓ Downloaded (11808 bytes)
[2025-08-21T20:18:16.610Z]   ✓ Uploaded to Cloudinary: https://res.cloudinary.com/natemoshhh/image/upload/v1755807496/quote-builder/af5098a2538b0c400c38aa215cb808bb.jpg
[2025-08-21T20:18:16.711Z] Processing: /library/modules/upload/files/quote_product/481/73ea9f5cc6e44d4a3ea5c4f34040371a.jpg
[2025-08-21T20:18:16.812Z]   ✓ Downloaded (30298 bytes)
[2025-08-21T20:18:17.322Z]   ✓ Uploaded to Cloudinary: https://res.cloudinary.com/natemoshhh/image/upload/v1755807497/quote-builder/73ea9f5cc6e44d4a3ea5c4f34040371a.jpg
[2025-08-21T20:18:17.423Z] Processing: /library/modules/upload/files/quote_product/321/508c07079bc4b9d85e89479e73439881.jpg
[2025-08-21T20:18:17.526Z]   ✓ Downloaded (14176 bytes)
[2025-08-21T20:18:17.903Z]   ✓ Uploaded to Cloudinary: https://res.cloudinary.com/natemoshhh/image/upload/v1755807497/quote-builder/508c07079bc4b9d85e89479e73439881.jpg
[2025-08-21T20:18:18.004Z] Processing: /library/modules/upload/files/quote_product/322/9bc11f884868d0b4205e821d7758c0f2.jpg
[2025-08-21T20:18:18.105Z]   ✓ Downloaded (11086 bytes)
[2025-08-21T20:18:18.442Z]   ✓ Uploaded to Cloudinary: https://res.cloudinary.com/natemoshhh/image/upload/v1755807498/quote-builder/9bc11f884868d0b4205e821d7758c0f2.jpg
[2025-08-21T20:18:18.544Z] Processing: /library/modules/upload/files/quote_product/323/6b78f4d6001f33057f0069188cffa42b.jpg
[2025-08-21T20:18:18.645Z]   ✓ Downloaded (14176 bytes)
[2025-08-21T20:18:19.064Z]   ✓ Uploaded to Cloudinary: https://res.cloudinary.com/natemoshhh/image/upload/v1755807498/quote-builder/6b78f4d6001f33057f0069188cffa42b.jpg
[2025-08-21T20:18:19.164Z] Processing: /library/modules/upload/files/quote_product/324/d71a37369b585302af2f6843de6c8b6c.jpg
[2025-08-21T20:18:19.265Z]   ✓ Downloaded (10839 bytes)
[2025-08-21T20:18:19.655Z]   ✓ Uploaded to Cloudinary: https://res.cloudinary.com/natemoshhh/image/upload/v1755807499/quote-builder/d71a37369b585302af2f6843de6c8b6c.jpg
[2025-08-21T20:18:19.756Z] Processing: /library/modules/upload/files/quote_product/325/5315baf83951faf5df3d31c14f8aecba.jpg
[2025-08-21T20:18:19.857Z]   ✓ Downloaded (9587 bytes)
[2025-08-21T20:18:20.343Z]   ✓ Uploaded to Cloudinary: https://res.cloudinary.com/natemoshhh/image/upload/v1755807500/quote-builder/5315baf83951faf5df3d31c14f8aecba.jpg
[2025-08-21T20:18:20.445Z] Processing: /library/modules/upload/files/quote_product/326/b131627e6b5b8bd082d5bdc77d85f156.jpg
[2025-08-21T20:18:20.545Z]   ✓ Downloaded (8276 bytes)
[2025-08-21T20:18:20.987Z]   ✓ Uploaded to Cloudinary: https://res.cloudinary.com/natemoshhh/image/upload/v1755807500/quote-builder/b131627e6b5b8bd082d5bdc77d85f156.jpg
[2025-08-21T20:18:21.088Z] Processing: /library/modules/upload/files/quote_product/327/b4a83a72abc54eda515ce60eebea1c24.png
[2025-08-21T20:18:21.188Z]   ✓ Downloaded (15632 bytes)
[2025-08-21T20:18:21.746Z]   ✓ Uploaded to Cloudinary: https://res.cloudinary.com/natemoshhh/image/upload/v1755807501/quote-builder/b4a83a72abc54eda515ce60eebea1c24.png
[2025-08-21T20:18:21.847Z] Processing: /library/modules/upload/files/quote_product/328/b4b9fe324a19f1809141d68ff468c949.png
[2025-08-21T20:18:21.946Z]   ✓ Downloaded (26058 bytes)
[2025-08-21T20:18:22.464Z]   ✓ Uploaded to Cloudinary: https://res.cloudinary.com/natemoshhh/image/upload/v1755807502/quote-builder/b4b9fe324a19f1809141d68ff468c949.png
[2025-08-21T20:18:22.566Z] Processing: /library/modules/upload/files/quote_product/329/55d2a0aa3f87bb87fff032e3cc987f82.jpg
[2025-08-21T20:18:22.666Z]   ✓ Downloaded (6627 bytes)
[2025-08-21T20:18:23.092Z]   ✓ Uploaded to Cloudinary: https://res.cloudinary.com/natemoshhh/image/upload/v1755807502/quote-builder/55d2a0aa3f87bb87fff032e3cc987f82.jpg
[2025-08-21T20:18:23.192Z] Processing: /library/modules/upload/files/quote_product/330/ef24f1f6e5d6c8f3c02f06138ff21caf.png
[2025-08-21T20:18:23.300Z]   ✓ Downloaded (24967 bytes)
[2025-08-21T20:18:23.918Z]   ✓ Uploaded to Cloudinary: https://res.cloudinary.com/natemoshhh/image/upload/v1755807503/quote-builder/ef24f1f6e5d6c8f3c02f06138ff21caf.png
[2025-08-21T20:18:24.019Z] Processing: /library/modules/upload/files/quote_product/482/396416b1cd6a3b4a531400415bd186d9.jpg
[2025-08-21T20:18:24.120Z]   ✓ Downloaded (15699 bytes)
[2025-08-21T20:18:24.571Z]   ✓ Uploaded to Cloudinary: https://res.cloudinary.com/natemoshhh/image/upload/v1755807504/quote-builder/396416b1cd6a3b4a531400415bd186d9.jpg
[2025-08-21T20:18:24.673Z] Processing: /library/modules/upload/files/quote_product/483/4596123718e1f0f9823f2623567d48ef.jpg
[2025-08-21T20:18:24.780Z]   ✓ Downloaded (15699 bytes)
[2025-08-21T20:18:25.204Z]   ✓ Uploaded to Cloudinary: https://res.cloudinary.com/natemoshhh/image/upload/v1755807505/quote-builder/4596123718e1f0f9823f2623567d48ef.jpg
[2025-08-21T20:18:25.305Z] Processing: /library/modules/upload/files/quote_product/484/806713b4ab600973d8bd3732b7da13b6.jpg
[2025-08-21T20:18:25.406Z]   ✓ Downloaded (13367 bytes)
[2025-08-21T20:18:25.842Z]   ✓ Uploaded to Cloudinary: https://res.cloudinary.com/natemoshhh/image/upload/v1755807505/quote-builder/806713b4ab600973d8bd3732b7da13b6.jpg
[2025-08-21T20:18:25.944Z] Processing: /library/modules/upload/files/quote_product/333/fc05b4d6be53050d6d4105cb33a2aeab.jpg
[2025-08-21T20:18:26.045Z]   ✓ Downloaded (5086 bytes)
[2025-08-21T20:18:26.562Z]   ✓ Uploaded to Cloudinary: https://res.cloudinary.com/natemoshhh/image/upload/v1755807506/quote-builder/fc05b4d6be53050d6d4105cb33a2aeab.jpg
[2025-08-21T20:18:26.664Z] Processing: /library/modules/upload/files/quote_product/334/db47552e407dfe7e1aed7bcc0b9d4ff3.jpg
[2025-08-21T20:18:26.766Z]   ✓ Downloaded (5697 bytes)
[2025-08-21T20:18:27.191Z]   ✓ Uploaded to Cloudinary: https://res.cloudinary.com/natemoshhh/image/upload/v1755807507/quote-builder/db47552e407dfe7e1aed7bcc0b9d4ff3.jpg
[2025-08-21T20:18:27.292Z] Processing: /library/modules/upload/files/quote_product/335/1d5b11db81c31a4325b9f96dfbde2c40.jpg
[2025-08-21T20:18:27.393Z]   ✓ Downloaded (11703 bytes)
[2025-08-21T20:18:27.757Z]   ✓ Uploaded to Cloudinary: https://res.cloudinary.com/natemoshhh/image/upload/v1755807507/quote-builder/1d5b11db81c31a4325b9f96dfbde2c40.jpg
[2025-08-21T20:18:27.858Z] Processing: /library/modules/upload/files/quote_product/457/2f8cda22e51dbcd204b1cb59914e1b26.jpg
[2025-08-21T20:18:27.959Z]   ✓ Downloaded (7396 bytes)
[2025-08-21T20:18:28.547Z]   ✓ Uploaded to Cloudinary: https://res.cloudinary.com/natemoshhh/image/upload/v1755807508/quote-builder/2f8cda22e51dbcd204b1cb59914e1b26.jpg
[2025-08-21T20:18:28.647Z] Processing: /library/modules/upload/files/quote_product/336/7adc492b3ca6a3c50a9a8ce96d5664d1.jpg
[2025-08-21T20:18:28.748Z]   ✓ Downloaded (4494 bytes)
[2025-08-21T20:18:29.143Z]   ✓ Uploaded to Cloudinary: https://res.cloudinary.com/natemoshhh/image/upload/v1755807509/quote-builder/7adc492b3ca6a3c50a9a8ce96d5664d1.jpg
[2025-08-21T20:18:29.244Z] Processing: /library/modules/upload/files/quote_product/337/24225d0b9a1116ea79f2487a4b533389.jpg
[2025-08-21T20:18:29.345Z]   ✓ Downloaded (10019 bytes)
[2025-08-21T20:18:29.780Z]   ✓ Uploaded to Cloudinary: https://res.cloudinary.com/natemoshhh/image/upload/v1755807509/quote-builder/24225d0b9a1116ea79f2487a4b533389.jpg
[2025-08-21T20:18:29.880Z] Processing: /library/modules/upload/files/quote_product/338/faf77aa25345d813e2b167d1f6ccffd2.jpg
[2025-08-21T20:18:29.981Z]   ✓ Downloaded (10669 bytes)
[2025-08-21T20:18:30.445Z]   ✓ Uploaded to Cloudinary: https://res.cloudinary.com/natemoshhh/image/upload/v1755807510/quote-builder/faf77aa25345d813e2b167d1f6ccffd2.jpg
[2025-08-21T20:18:30.547Z] Processing: /library/modules/upload/files/quote_product/339/feaee76c75900017d46c3cb89b878772.jpg
[2025-08-21T20:18:30.646Z]   ✓ Downloaded (5416 bytes)
[2025-08-21T20:18:31.081Z]   ✓ Uploaded to Cloudinary: https://res.cloudinary.com/natemoshhh/image/upload/v1755807510/quote-builder/feaee76c75900017d46c3cb89b878772.jpg
[2025-08-21T20:18:31.181Z] Processing: /library/modules/upload/files/quote_product/340/a5b6cc96ddd32f29f21d32947423a5f4.jpg
[2025-08-21T20:18:31.281Z]   ✓ Downloaded (5949 bytes)
[2025-08-21T20:18:31.814Z]   ✓ Uploaded to Cloudinary: https://res.cloudinary.com/natemoshhh/image/upload/v1755807511/quote-builder/a5b6cc96ddd32f29f21d32947423a5f4.jpg
[2025-08-21T20:18:31.914Z] Processing: /library/modules/upload/files/quote_product/458/8feddd06b443f63e289cfa167def1cdf.jpg
[2025-08-21T20:18:32.014Z]   ✓ Downloaded (7396 bytes)
[2025-08-21T20:18:32.379Z]   ✓ Uploaded to Cloudinary: https://res.cloudinary.com/natemoshhh/image/upload/v1755807512/quote-builder/8feddd06b443f63e289cfa167def1cdf.jpg
[2025-08-21T20:18:32.481Z] Processing: /library/modules/upload/files/quote_product/341/17cac4a450144aec60c7e679d2abf17d.jpg
[2025-08-21T20:18:32.582Z]   ✓ Downloaded (7505 bytes)
[2025-08-21T20:18:33.006Z]   ✓ Uploaded to Cloudinary: https://res.cloudinary.com/natemoshhh/image/upload/v1755807512/quote-builder/17cac4a450144aec60c7e679d2abf17d.jpg
[2025-08-21T20:18:33.107Z] Processing: /library/modules/upload/files/quote_product/342/9cda34a21acee6e1bf96e3c319123f81.jpg
[2025-08-21T20:18:33.208Z]   ✓ Downloaded (8754 bytes)
[2025-08-21T20:18:33.855Z]   ✓ Uploaded to Cloudinary: https://res.cloudinary.com/natemoshhh/image/upload/v1755807513/quote-builder/9cda34a21acee6e1bf96e3c319123f81.jpg
[2025-08-21T20:18:33.956Z] Processing: /library/modules/upload/files/quote_product/343/c25fdb50ae71209744c1ddcae5cce2c9.jpg
[2025-08-21T20:18:34.060Z]   ✓ Downloaded (13071 bytes)
[2025-08-21T20:18:34.669Z]   ✓ Uploaded to Cloudinary: https://res.cloudinary.com/natemoshhh/image/upload/v1755807514/quote-builder/c25fdb50ae71209744c1ddcae5cce2c9.jpg
[2025-08-21T20:18:34.770Z] Processing: /library/modules/upload/files/quote_product/344/5ff8d5d15c244291fc4c72f715f1e9dc.jpg
[2025-08-21T20:18:34.870Z]   ✓ Downloaded (7988 bytes)
[2025-08-21T20:18:35.313Z]   ✓ Uploaded to Cloudinary: https://res.cloudinary.com/natemoshhh/image/upload/v1755807515/quote-builder/5ff8d5d15c244291fc4c72f715f1e9dc.jpg
[2025-08-21T20:18:35.414Z] Processing: /library/modules/upload/files/quote_product/459/1a14816984898b4de07995ce6403d232.jpg
[2025-08-21T20:18:35.518Z]   ✓ Downloaded (7396 bytes)
[2025-08-21T20:18:35.968Z]   ✓ Uploaded to Cloudinary: https://res.cloudinary.com/natemoshhh/image/upload/v1755807515/quote-builder/1a14816984898b4de07995ce6403d232.jpg
[2025-08-21T20:18:36.069Z] Processing: /library/modules/upload/files/quote_product/345/d74f8200d784328f6ebf5f4679d0469d.jpg
[2025-08-21T20:18:36.170Z]   ✓ Downloaded (20912 bytes)
[2025-08-21T20:18:36.771Z]   ✓ Uploaded to Cloudinary: https://res.cloudinary.com/natemoshhh/image/upload/v1755807516/quote-builder/d74f8200d784328f6ebf5f4679d0469d.jpg
[2025-08-21T20:18:36.873Z] Processing: /library/modules/upload/files/quote_product/348/41a9f5e6c770056f18b0562353aeb07e.jpg
[2025-08-21T20:18:36.972Z]   ✓ Downloaded (10918 bytes)
[2025-08-21T20:18:37.529Z]   ✓ Uploaded to Cloudinary: https://res.cloudinary.com/natemoshhh/image/upload/v1755807517/quote-builder/41a9f5e6c770056f18b0562353aeb07e.jpg
[2025-08-21T20:18:37.631Z] Processing: /library/modules/upload/files/quote_product/502/3d2370c9ca3d70d6f15ce730ea75bb5f.jpg
[2025-08-21T20:18:37.731Z]   ✓ Downloaded (11081 bytes)
[2025-08-21T20:18:38.183Z]   ✓ Uploaded to Cloudinary: https://res.cloudinary.com/natemoshhh/image/upload/v1755807518/quote-builder/3d2370c9ca3d70d6f15ce730ea75bb5f.jpg
[2025-08-21T20:18:38.285Z] Processing: /library/modules/upload/files/quote_product/190/254f9f8566eb1c028e8d41adb5c0ac57.jpg
[2025-08-21T20:18:38.386Z]   ✓ Downloaded (5572 bytes)
[2025-08-21T20:18:39.295Z]   ✓ Uploaded to Cloudinary: https://res.cloudinary.com/natemoshhh/image/upload/v1755807518/quote-builder/254f9f8566eb1c028e8d41adb5c0ac57.jpg
[2025-08-21T20:18:39.396Z] Processing: /library/modules/upload/files/quote_product/191/032b0a69ab6651ed71df21ac8408d692.jpg
[2025-08-21T20:18:39.497Z]   ✓ Downloaded (5878 bytes)
[2025-08-21T20:18:40.175Z]   ✓ Uploaded to Cloudinary: https://res.cloudinary.com/natemoshhh/image/upload/v1755807519/quote-builder/032b0a69ab6651ed71df21ac8408d692.jpg
[2025-08-21T20:18:40.277Z] Processing: /library/modules/upload/files/quote_product/192/b7d0060f0dbaa0b7e8408425f40da2be.jpg
[2025-08-21T20:18:40.377Z]   ✓ Downloaded (6543 bytes)
[2025-08-21T20:18:40.749Z]   ✓ Uploaded to Cloudinary: https://res.cloudinary.com/natemoshhh/image/upload/v1755807520/quote-builder/b7d0060f0dbaa0b7e8408425f40da2be.jpg
[2025-08-21T20:18:40.850Z] Processing: /library/modules/upload/files/quote_product/193/40f2562fe6a7112f598ba99ff2543c16.jpg
[2025-08-21T20:18:40.954Z]   ✓ Downloaded (9973 bytes)
[2025-08-21T20:18:41.510Z]   ✓ Uploaded to Cloudinary: https://res.cloudinary.com/natemoshhh/image/upload/v1755807521/quote-builder/40f2562fe6a7112f598ba99ff2543c16.jpg
[2025-08-21T20:18:41.612Z] Processing: /library/modules/upload/files/quote_product/194/0b71ceff10b7778a47056f765c4cdb50.jpg
[2025-08-21T20:18:41.712Z]   ✓ Downloaded (10968 bytes)
[2025-08-21T20:18:42.333Z]   ✓ Uploaded to Cloudinary: https://res.cloudinary.com/natemoshhh/image/upload/v1755807522/quote-builder/0b71ceff10b7778a47056f765c4cdb50.jpg
[2025-08-21T20:18:42.435Z] Processing: /library/modules/upload/files/quote_product/195/8c9138e5538a03551c64f40f080783a9.jpg
[2025-08-21T20:18:42.536Z]   ✓ Downloaded (10596 bytes)
[2025-08-21T20:18:43.138Z]   ✓ Uploaded to Cloudinary: https://res.cloudinary.com/natemoshhh/image/upload/v1755807522/quote-builder/8c9138e5538a03551c64f40f080783a9.jpg
[2025-08-21T20:18:43.239Z] Processing: /library/modules/upload/files/quote_product/196/d745454e096127cad0c136694104b9a0.jpg
[2025-08-21T20:18:43.343Z]   ✓ Downloaded (10099 bytes)
[2025-08-21T20:18:43.747Z]   ✓ Uploaded to Cloudinary: https://res.cloudinary.com/natemoshhh/image/upload/v1755807523/quote-builder/d745454e096127cad0c136694104b9a0.jpg
[2025-08-21T20:18:43.848Z] Processing: /library/modules/upload/files/quote_product/197/442f139077ffe02c813536af94d16104.jpg
[2025-08-21T20:18:43.948Z]   ✓ Downloaded (12775 bytes)
[2025-08-21T20:18:44.493Z]   ✓ Uploaded to Cloudinary: https://res.cloudinary.com/natemoshhh/image/upload/v1755807524/quote-builder/442f139077ffe02c813536af94d16104.jpg
[2025-08-21T20:18:44.594Z] Processing: /library/modules/upload/files/quote_product/198/029038d1132f4876563c4d191ac03df0.jpg
[2025-08-21T20:18:44.696Z]   ✓ Downloaded (13418 bytes)
[2025-08-21T20:18:45.168Z]   ✓ Uploaded to Cloudinary: https://res.cloudinary.com/natemoshhh/image/upload/v1755807525/quote-builder/029038d1132f4876563c4d191ac03df0.jpg
[2025-08-21T20:18:45.269Z] Processing: /library/modules/upload/files/quote_product/199/6fe51986e1756b9c8bd608db24158a1d.jpg
[2025-08-21T20:18:45.370Z]   ✓ Downloaded (13363 bytes)
[2025-08-21T20:18:45.939Z]   ✓ Uploaded to Cloudinary: https://res.cloudinary.com/natemoshhh/image/upload/v1755807525/quote-builder/6fe51986e1756b9c8bd608db24158a1d.jpg
[2025-08-21T20:18:46.040Z] Processing: /library/modules/upload/files/quote_product/200/5a7037a4bf1f12f8828504c0a837ef64.jpg
[2025-08-21T20:18:46.141Z]   ✓ Downloaded (12866 bytes)
[2025-08-21T20:18:46.553Z]   ✓ Uploaded to Cloudinary: https://res.cloudinary.com/natemoshhh/image/upload/v1755807526/quote-builder/5a7037a4bf1f12f8828504c0a837ef64.jpg
[2025-08-21T20:18:46.654Z] Processing: /library/modules/upload/files/quote_product/201/917a7f6aa1c67b41442f4cc607e0d36f.jpg
[2025-08-21T20:18:46.754Z]   ✓ Downloaded (11758 bytes)
[2025-08-21T20:18:47.135Z]   ✓ Uploaded to Cloudinary: https://res.cloudinary.com/natemoshhh/image/upload/v1755807527/quote-builder/917a7f6aa1c67b41442f4cc607e0d36f.jpg
[2025-08-21T20:18:47.236Z] Processing: /library/modules/upload/files/quote_product/202/f8bc51ad9752501b0b3b36412910de82.jpg
[2025-08-21T20:18:47.337Z]   ✓ Downloaded (4679 bytes)
[2025-08-21T20:18:47.670Z]   ✓ Uploaded to Cloudinary: https://res.cloudinary.com/natemoshhh/image/upload/v1755807527/quote-builder/f8bc51ad9752501b0b3b36412910de82.jpg
[2025-08-21T20:18:47.772Z] Processing: /library/modules/upload/files/quote_product/203/23f142df8ca929ccb412b45ed741fc7f.jpg
[2025-08-21T20:18:47.874Z]   ✓ Downloaded (5270 bytes)
[2025-08-21T20:18:48.247Z]   ✓ Uploaded to Cloudinary: https://res.cloudinary.com/natemoshhh/image/upload/v1755807528/quote-builder/23f142df8ca929ccb412b45ed741fc7f.jpg
[2025-08-21T20:18:48.349Z] Processing: /library/modules/upload/files/quote_product/204/4be813dbde464fd277cadbcf0b709ebb.jpg
[2025-08-21T20:18:48.449Z]   ✓ Downloaded (5306 bytes)
[2025-08-21T20:18:48.821Z]   ✓ Uploaded to Cloudinary: https://res.cloudinary.com/natemoshhh/image/upload/v1755807528/quote-builder/4be813dbde464fd277cadbcf0b709ebb.jpg
[2025-08-21T20:18:48.922Z] Processing: /library/modules/upload/files/quote_product/205/2a42f40a2ccd90e1c51ddd2a2eaa487c.jpg
[2025-08-21T20:18:49.023Z]   ✓ Downloaded (5769 bytes)
[2025-08-21T20:18:49.444Z]   ✓ Uploaded to Cloudinary: https://res.cloudinary.com/natemoshhh/image/upload/v1755807529/quote-builder/2a42f40a2ccd90e1c51ddd2a2eaa487c.jpg
[2025-08-21T20:18:49.546Z] Processing: /library/modules/upload/files/quote_product/206/4b85f81fbdd595bf75c3af284e3a24a2.jpg
[2025-08-21T20:18:49.646Z]   ✓ Downloaded (5927 bytes)
[2025-08-21T20:18:50.200Z]   ✓ Uploaded to Cloudinary: https://res.cloudinary.com/natemoshhh/image/upload/v1755807529/quote-builder/4b85f81fbdd595bf75c3af284e3a24a2.jpg
[2025-08-21T20:18:50.301Z] Processing: /library/modules/upload/files/quote_product/207/a81edaa6db12a68518b53516637c3ae6.jpg
[2025-08-21T20:18:50.401Z]   ✓ Downloaded (3905 bytes)
[2025-08-21T20:18:50.937Z]   ✓ Uploaded to Cloudinary: https://res.cloudinary.com/natemoshhh/image/upload/v1755807530/quote-builder/a81edaa6db12a68518b53516637c3ae6.jpg
[2025-08-21T20:18:51.061Z] Processing: /library/modules/upload/files/quote_product/208/c02781f418afd4fa9e9c4efe1e9c8019.jpg
[2025-08-21T20:18:51.174Z]   ✓ Downloaded (8152 bytes)
[2025-08-21T20:18:51.532Z]   ✓ Uploaded to Cloudinary: https://res.cloudinary.com/natemoshhh/image/upload/v1755807531/quote-builder/c02781f418afd4fa9e9c4efe1e9c8019.jpg
[2025-08-21T20:18:51.633Z] Processing: /library/modules/upload/files/quote_product/209/1acfca022fe4643d69f13679449415b7.jpg
[2025-08-21T20:18:51.733Z]   ✓ Downloaded (4679 bytes)
[2025-08-21T20:18:52.179Z]   ✓ Uploaded to Cloudinary: https://res.cloudinary.com/natemoshhh/image/upload/v1755807532/quote-builder/1acfca022fe4643d69f13679449415b7.jpg
[2025-08-21T20:18:52.280Z] Processing: /library/modules/upload/files/quote_product/210/f1d1b92cbd6f00937514a7791862224b.jpg
[2025-08-21T20:18:52.380Z]   ✓ Downloaded (5343 bytes)
[2025-08-21T20:18:52.724Z]   ✓ Uploaded to Cloudinary: https://res.cloudinary.com/natemoshhh/image/upload/v1755807532/quote-builder/f1d1b92cbd6f00937514a7791862224b.jpg
[2025-08-21T20:18:52.825Z] Processing: /library/modules/upload/files/quote_product/211/20f2ce722aa35f7bfbf885ac2f6ec53a.jpg
[2025-08-21T20:18:52.925Z]   ✓ Downloaded (5571 bytes)
[2025-08-21T20:18:53.296Z]   ✓ Uploaded to Cloudinary: https://res.cloudinary.com/natemoshhh/image/upload/v1755807533/quote-builder/20f2ce722aa35f7bfbf885ac2f6ec53a.jpg
[2025-08-21T20:18:53.398Z] Processing: /library/modules/upload/files/quote_product/217/4841e8a87190700119db062000c1e2a7.jpg
[2025-08-21T20:18:53.498Z]   ✓ Downloaded (4609 bytes)
[2025-08-21T20:18:53.878Z]   ✓ Uploaded to Cloudinary: https://res.cloudinary.com/natemoshhh/image/upload/v1755807533/quote-builder/4841e8a87190700119db062000c1e2a7.jpg
[2025-08-21T20:18:53.980Z] Processing: /library/modules/upload/files/quote_product/218/e8cd360aeae863b5d6a8c8a823df2b97.jpg
[2025-08-21T20:18:54.078Z]   ✓ Downloaded (5764 bytes)
[2025-08-21T20:18:54.574Z]   ✓ Uploaded to Cloudinary: https://res.cloudinary.com/natemoshhh/image/upload/v1755807534/quote-builder/e8cd360aeae863b5d6a8c8a823df2b97.jpg
[2025-08-21T20:18:54.675Z] Processing: /library/modules/upload/files/quote_product/219/835ad5ba439a300eb2b483a0b916381c.jpg
[2025-08-21T20:18:54.776Z]   ✓ Downloaded (25924 bytes)
[2025-08-21T20:18:55.550Z]   ✓ Uploaded to Cloudinary: https://res.cloudinary.com/natemoshhh/image/upload/v1755807535/quote-builder/835ad5ba439a300eb2b483a0b916381c.jpg
[2025-08-21T20:18:55.651Z] Processing: /library/modules/upload/files/quote_product/220/57565a981c70ddde442332d883a16d29.jpg
[2025-08-21T20:18:55.753Z]   ✓ Downloaded (22462 bytes)
[2025-08-21T20:18:56.228Z]   ✓ Uploaded to Cloudinary: https://res.cloudinary.com/natemoshhh/image/upload/v1755807536/quote-builder/57565a981c70ddde442332d883a16d29.jpg
[2025-08-21T20:18:56.329Z] Processing: /library/modules/upload/files/quote_product/221/5f597c18ba72d15405174790625a6a5d.jpg
[2025-08-21T20:18:56.431Z]   ✓ Downloaded (15318 bytes)
[2025-08-21T20:18:56.897Z]   ✓ Uploaded to Cloudinary: https://res.cloudinary.com/natemoshhh/image/upload/v1755807536/quote-builder/5f597c18ba72d15405174790625a6a5d.jpg
[2025-08-21T20:18:56.997Z] Processing: /library/modules/upload/files/quote_product/222/e92c5809875fac002dccb565929693a6.jpg
[2025-08-21T20:18:57.103Z]   ✓ Downloaded (20424 bytes)
[2025-08-21T20:18:57.843Z]   ✓ Uploaded to Cloudinary: https://res.cloudinary.com/natemoshhh/image/upload/v1755807537/quote-builder/e92c5809875fac002dccb565929693a6.jpg
[2025-08-21T20:18:57.944Z] Processing: /library/modules/upload/files/quote_product/223/bc82937b305dccf7945ae482716d623a.jpg
[2025-08-21T20:18:58.046Z]   ✓ Downloaded (18490 bytes)
[2025-08-21T20:18:58.481Z]   ✓ Uploaded to Cloudinary: https://res.cloudinary.com/natemoshhh/image/upload/v1755807538/quote-builder/bc82937b305dccf7945ae482716d623a.jpg
[2025-08-21T20:18:58.583Z] Processing: /library/modules/upload/files/quote_product/224/dae520e8dc4695e39681080cc456865e.jpg
[2025-08-21T20:18:58.684Z]   ✓ Downloaded (16739 bytes)
[2025-08-21T20:18:59.377Z]   ✓ Uploaded to Cloudinary: https://res.cloudinary.com/natemoshhh/image/upload/v1755807539/quote-builder/dae520e8dc4695e39681080cc456865e.jpg
[2025-08-21T20:18:59.477Z] Processing: /library/modules/upload/files/quote_product/146/ec46f0461b0cbb84d74b1b3d1ab39f91.jpg
[2025-08-21T20:18:59.578Z]   ✓ Downloaded (8315 bytes)
[2025-08-21T20:19:00.010Z]   ✓ Uploaded to Cloudinary: https://res.cloudinary.com/natemoshhh/image/upload/v1755807539/quote-builder/ec46f0461b0cbb84d74b1b3d1ab39f91.jpg
[2025-08-21T20:19:00.112Z] Processing: /library/modules/upload/files/quote_product/147/7ee059205b32fc768ca8f248746e875d.jpg
[2025-08-21T20:19:00.212Z]   ✓ Downloaded (6467 bytes)
[2025-08-21T20:19:00.696Z]   ✓ Uploaded to Cloudinary: https://res.cloudinary.com/natemoshhh/image/upload/v1755807540/quote-builder/7ee059205b32fc768ca8f248746e875d.jpg
[2025-08-21T20:19:00.798Z] Processing: /library/modules/upload/files/quote_product/148/f3e1ae84a34e7629a8136a78914ad7c7.jpg
[2025-08-21T20:19:00.900Z]   ✓ Downloaded (6900 bytes)
[2025-08-21T20:19:01.293Z]   ✓ Uploaded to Cloudinary: https://res.cloudinary.com/natemoshhh/image/upload/v1755807541/quote-builder/f3e1ae84a34e7629a8136a78914ad7c7.jpg
[2025-08-21T20:19:01.394Z] Processing: /library/modules/upload/files/quote_product/149/5c7d76be6a784e369317f3a0c7ddf20c.jpg
[2025-08-21T20:19:01.494Z]   ✓ Downloaded (8140 bytes)
[2025-08-21T20:19:02.359Z]   ✓ Uploaded to Cloudinary: https://res.cloudinary.com/natemoshhh/image/upload/v1755807541/quote-builder/5c7d76be6a784e369317f3a0c7ddf20c.jpg
[2025-08-21T20:19:02.460Z] Processing: /library/modules/upload/files/quote_product/150/e70a5c7d84938ab634a2c751ca174618.jpg
[2025-08-21T20:19:02.561Z]   ✓ Downloaded (10448 bytes)
[2025-08-21T20:19:03.002Z]   ✓ Uploaded to Cloudinary: https://res.cloudinary.com/natemoshhh/image/upload/v1755807542/quote-builder/e70a5c7d84938ab634a2c751ca174618.jpg
[2025-08-21T20:19:03.104Z] Processing: /library/modules/upload/files/quote_product/151/2c58bd48e10f14565b34f1dcb059a169.jpg
[2025-08-21T20:19:03.207Z]   ✓ Downloaded (9430 bytes)
[2025-08-21T20:19:03.644Z]   ✓ Uploaded to Cloudinary: https://res.cloudinary.com/natemoshhh/image/upload/v1755807543/quote-builder/2c58bd48e10f14565b34f1dcb059a169.jpg
[2025-08-21T20:19:03.745Z] Processing: /library/modules/upload/files/quote_product/154/3e43689ac441b2aab54b1185863f716c.png
[2025-08-21T20:19:03.845Z]   ✓ Downloaded (546 bytes)
[2025-08-21T20:19:04.328Z]   ✓ Uploaded to Cloudinary: https://res.cloudinary.com/natemoshhh/image/upload/v1755807544/quote-builder/3e43689ac441b2aab54b1185863f716c.png
[2025-08-21T20:19:04.429Z] Processing: /library/modules/upload/files/quote_product/155/d0446bef3cad7be5621f6b7e679f69e7.png
[2025-08-21T20:19:04.529Z]   ✓ Downloaded (571 bytes)
[2025-08-21T20:19:05.028Z]   ✓ Uploaded to Cloudinary: https://res.cloudinary.com/natemoshhh/image/upload/v1755807544/quote-builder/d0446bef3cad7be5621f6b7e679f69e7.png
[2025-08-21T20:19:05.129Z] Processing: /library/modules/upload/files/quote_product/156/ec85f7de0cdd62c2c79893fca072f943.png
[2025-08-21T20:19:05.234Z]   ✓ Downloaded (556 bytes)
[2025-08-21T20:19:05.687Z]   ✓ Uploaded to Cloudinary: https://res.cloudinary.com/natemoshhh/image/upload/v1755807545/quote-builder/ec85f7de0cdd62c2c79893fca072f943.png
[2025-08-21T20:19:05.788Z] Processing: /library/modules/upload/files/quote_product/157/931d34ef4565aac83c45ce7c426f9c14.png
[2025-08-21T20:19:05.889Z]   ✓ Downloaded (14888 bytes)
[2025-08-21T20:19:06.463Z]   ✓ Uploaded to Cloudinary: https://res.cloudinary.com/natemoshhh/image/upload/v1755807546/quote-builder/931d34ef4565aac83c45ce7c426f9c14.png
[2025-08-21T20:19:06.564Z] Processing: /library/modules/upload/files/quote_product/161/8d1b7cb740bdc928c298af4e4afa07e0.jpg
[2025-08-21T20:19:06.667Z]   ✓ Downloaded (7396 bytes)
[2025-08-21T20:19:07.016Z]   ✓ Uploaded to Cloudinary: https://res.cloudinary.com/natemoshhh/image/upload/v1755807546/quote-builder/8d1b7cb740bdc928c298af4e4afa07e0.jpg
[2025-08-21T20:19:07.117Z] Processing: /library/modules/upload/files/quote_product/162/7e0e646a7547dfbccd4cae8236a66c57.jpg
[2025-08-21T20:19:07.219Z]   ✓ Downloaded (8995 bytes)
[2025-08-21T20:19:07.607Z]   ✓ Uploaded to Cloudinary: https://res.cloudinary.com/natemoshhh/image/upload/v1755807547/quote-builder/7e0e646a7547dfbccd4cae8236a66c57.jpg
[2025-08-21T20:19:07.708Z] Processing: /library/modules/upload/files/quote_product/163/6633de22fc414e4a3ed3b100d078a27d.jpg
[2025-08-21T20:19:07.809Z]   ✓ Downloaded (32428 bytes)
[2025-08-21T20:19:08.222Z]   ✓ Uploaded to Cloudinary: https://res.cloudinary.com/natemoshhh/image/upload/v1755807548/quote-builder/6633de22fc414e4a3ed3b100d078a27d.jpg
[2025-08-21T20:19:08.322Z] Processing: /library/modules/upload/files/quote_product/164/05bdc12c684bed6d12f05ab90d445001.jpg
[2025-08-21T20:19:08.423Z]   ✓ Downloaded (10170 bytes)
[2025-08-21T20:19:08.800Z]   ✓ Uploaded to Cloudinary: https://res.cloudinary.com/natemoshhh/image/upload/v1755807548/quote-builder/05bdc12c684bed6d12f05ab90d445001.jpg
[2025-08-21T20:19:08.902Z] Processing: /library/modules/upload/files/quote_product/165/490d65936f9dbb375a861b958a5ccc43.jpg
[2025-08-21T20:19:09.004Z]   ✓ Downloaded (8098 bytes)
[2025-08-21T20:19:09.383Z]   ✓ Uploaded to Cloudinary: https://res.cloudinary.com/natemoshhh/image/upload/v1755807549/quote-builder/490d65936f9dbb375a861b958a5ccc43.jpg
[2025-08-21T20:19:09.484Z] Processing: /library/modules/upload/files/quote_product/166/fe12dba1bd2769f6e426695bb06d989e.jpg
[2025-08-21T20:19:09.588Z]   ✓ Downloaded (24430 bytes)
[2025-08-21T20:19:10.033Z]   ✓ Uploaded to Cloudinary: https://res.cloudinary.com/natemoshhh/image/upload/v1755807549/quote-builder/fe12dba1bd2769f6e426695bb06d989e.jpg
[2025-08-21T20:19:10.134Z] Processing: /library/modules/upload/files/quote_product/167/a980918eeb5d91d94644924750482f91.jpg
[2025-08-21T20:19:10.235Z]   ✓ Downloaded (28449 bytes)
[2025-08-21T20:19:10.796Z]   ✓ Uploaded to Cloudinary: https://res.cloudinary.com/natemoshhh/image/upload/v1755807550/quote-builder/a980918eeb5d91d94644924750482f91.jpg
[2025-08-21T20:19:10.898Z] Processing: /library/modules/upload/files/quote_product/170/0fce3fd93aa033dbe4e2bf5a2d87cb94.jpg
[2025-08-21T20:19:10.998Z]   ✓ Downloaded (8954 bytes)
[2025-08-21T20:19:11.426Z]   ✓ Uploaded to Cloudinary: https://res.cloudinary.com/natemoshhh/image/upload/v1755807551/quote-builder/0fce3fd93aa033dbe4e2bf5a2d87cb94.jpg
[2025-08-21T20:19:11.527Z] Processing: /library/modules/upload/files/quote_product/171/4b5ec5e985e94c3aec0c29c8440dc168.jpg
[2025-08-21T20:19:11.628Z]   ✓ Downloaded (10671 bytes)
[2025-08-21T20:19:12.225Z]   ✓ Uploaded to Cloudinary: https://res.cloudinary.com/natemoshhh/image/upload/v1755807551/quote-builder/4b5ec5e985e94c3aec0c29c8440dc168.jpg
[2025-08-21T20:19:12.325Z] Processing: /library/modules/upload/files/quote_product/172/57d0a34fdad2905fbf72a0d40b7a98ac.jpg
[2025-08-21T20:19:12.426Z]   ✓ Downloaded (10879 bytes)
[2025-08-21T20:19:12.927Z]   ✓ Uploaded to Cloudinary: https://res.cloudinary.com/natemoshhh/image/upload/v1755807552/quote-builder/57d0a34fdad2905fbf72a0d40b7a98ac.jpg
[2025-08-21T20:19:13.028Z] Processing: /library/modules/upload/files/quote_product/173/d7b3f54a03e286ef52a424e6f8526ec9.jpg
[2025-08-21T20:19:13.128Z]   ✓ Downloaded (12948 bytes)
[2025-08-21T20:19:13.560Z]   ✓ Uploaded to Cloudinary: https://res.cloudinary.com/natemoshhh/image/upload/v1755807553/quote-builder/d7b3f54a03e286ef52a424e6f8526ec9.jpg
[2025-08-21T20:19:13.661Z] Processing: /library/modules/upload/files/quote_product/174/6ea48762939f8e6198ab1bcb598f6de8.jpg
[2025-08-21T20:19:13.760Z]   ✓ Downloaded (11963 bytes)
[2025-08-21T20:19:14.343Z]   ✓ Uploaded to Cloudinary: https://res.cloudinary.com/natemoshhh/image/upload/v1755807554/quote-builder/6ea48762939f8e6198ab1bcb598f6de8.jpg
[2025-08-21T20:19:14.444Z] Processing: /library/modules/upload/files/quote_product/175/7e4d8027a293e9ae9e51d67fd99d2441.jpg
[2025-08-21T20:19:14.547Z]   ✓ Downloaded (10308 bytes)
[2025-08-21T20:19:14.906Z]   ✓ Uploaded to Cloudinary: https://res.cloudinary.com/natemoshhh/image/upload/v1755807554/quote-builder/7e4d8027a293e9ae9e51d67fd99d2441.jpg
[2025-08-21T20:19:15.006Z] Processing: /library/modules/upload/files/quote_product/440/8874c6ef449ffc50431c47cb3914865a.jpg
[2025-08-21T20:19:15.106Z]   ✓ Downloaded (9789 bytes)
[2025-08-21T20:19:15.512Z]   ✓ Uploaded to Cloudinary: https://res.cloudinary.com/natemoshhh/image/upload/v1755807555/quote-builder/8874c6ef449ffc50431c47cb3914865a.jpg
[2025-08-21T20:19:15.613Z] Processing: /library/modules/upload/files/quote_product/441/bd3c6d27694b0a3a20b8cea38be89b9b.jpg
[2025-08-21T20:19:15.714Z]   ✓ Downloaded (9840 bytes)
[2025-08-21T20:19:16.134Z]   ✓ Uploaded to Cloudinary: https://res.cloudinary.com/natemoshhh/image/upload/v1755807556/quote-builder/bd3c6d27694b0a3a20b8cea38be89b9b.jpg
[2025-08-21T20:19:16.235Z] Processing: /library/modules/upload/files/quote_product/442/50b02639df99ac964f77719668ca6658.jpg
[2025-08-21T20:19:16.341Z]   ✓ Downloaded (10967 bytes)
[2025-08-21T20:19:16.701Z]   ✓ Uploaded to Cloudinary: https://res.cloudinary.com/natemoshhh/image/upload/v1755807556/quote-builder/50b02639df99ac964f77719668ca6658.jpg
[2025-08-21T20:19:16.802Z] Processing: /library/modules/upload/files/quote_product/180/b785d603abcf6479c9e8828621279685.jpg
[2025-08-21T20:19:16.901Z]   ✓ Downloaded (15829 bytes)
[2025-08-21T20:19:17.373Z]   ✓ Uploaded to Cloudinary: https://res.cloudinary.com/natemoshhh/image/upload/v1755807557/quote-builder/b785d603abcf6479c9e8828621279685.jpg
[2025-08-21T20:19:17.474Z] Processing: /library/modules/upload/files/quote_product/181/c6da97e5eaf906bc3baacca1a6aba173.jpg
[2025-08-21T20:19:17.574Z]   ✓ Downloaded (15728 bytes)
[2025-08-21T20:19:18.104Z]   ✓ Uploaded to Cloudinary: https://res.cloudinary.com/natemoshhh/image/upload/v1755807557/quote-builder/c6da97e5eaf906bc3baacca1a6aba173.jpg
[2025-08-21T20:19:18.204Z] Processing: /library/modules/upload/files/quote_product/182/1420ecdcd6c1c0339581a546b2f5377d.jpg
[2025-08-21T20:19:18.310Z]   ✓ Downloaded (8933 bytes)
[2025-08-21T20:19:18.730Z]   ✓ Uploaded to Cloudinary: https://res.cloudinary.com/natemoshhh/image/upload/v1755807558/quote-builder/1420ecdcd6c1c0339581a546b2f5377d.jpg
[2025-08-21T20:19:18.831Z] Processing: /library/modules/upload/files/quote_product/183/c2fd12b35120d7be7340c41e6561854a.jpg
[2025-08-21T20:19:18.932Z]   ✓ Downloaded (8936 bytes)
[2025-08-21T20:19:19.290Z]   ✓ Uploaded to Cloudinary: https://res.cloudinary.com/natemoshhh/image/upload/v1755807559/quote-builder/c2fd12b35120d7be7340c41e6561854a.jpg
[2025-08-21T20:19:19.392Z] Processing: /library/modules/upload/files/quote_product/184/54bd96aa24686b5e19822d450c234f0d.jpg
[2025-08-21T20:19:19.496Z]   ✓ Downloaded (8814 bytes)
[2025-08-21T20:19:19.954Z]   ✓ Uploaded to Cloudinary: https://res.cloudinary.com/natemoshhh/image/upload/v1755807559/quote-builder/54bd96aa24686b5e19822d450c234f0d.jpg
[2025-08-21T20:19:20.054Z] Processing: /library/modules/upload/files/quote_product/185/f6cf7219e3d549e741d15c1a460a2c83.jpg
[2025-08-21T20:19:20.161Z]   ✓ Downloaded (8842 bytes)
[2025-08-21T20:19:21.033Z]   ✓ Uploaded to Cloudinary: https://res.cloudinary.com/natemoshhh/image/upload/v1755807560/quote-builder/f6cf7219e3d549e741d15c1a460a2c83.jpg
[2025-08-21T20:19:21.134Z] Processing: /library/modules/upload/files/quote_product/186/b265b73bf2911cccafecf75c9b2cfbb3.jpg
[2025-08-21T20:19:21.234Z]   ✓ Downloaded (8993 bytes)
[2025-08-21T20:19:21.672Z]   ✓ Uploaded to Cloudinary: https://res.cloudinary.com/natemoshhh/image/upload/v1755807561/quote-builder/b265b73bf2911cccafecf75c9b2cfbb3.jpg
[2025-08-21T20:19:21.773Z] Processing: /library/modules/upload/files/quote_product/188/72d8a0e18e3da9bb19105a577b328ab6.jpg
[2025-08-21T20:19:21.873Z]   ✓ Downloaded (9939 bytes)
[2025-08-21T20:19:22.387Z]   ✓ Uploaded to Cloudinary: https://res.cloudinary.com/natemoshhh/image/upload/v1755807562/quote-builder/72d8a0e18e3da9bb19105a577b328ab6.jpg
[2025-08-21T20:19:22.488Z] Processing: /library/modules/upload/files/quote_product/189/387f3882109c12e50fcc5e45a26a0b2f.jpg
[2025-08-21T20:19:22.589Z]   ✓ Downloaded (10178 bytes)
[2025-08-21T20:19:22.964Z]   ✓ Uploaded to Cloudinary: https://res.cloudinary.com/natemoshhh/image/upload/v1755807562/quote-builder/387f3882109c12e50fcc5e45a26a0b2f.jpg
[2025-08-21T20:19:23.065Z] Processing: /library/modules/upload/files/quote_product/1/6539cc6b90e142f26c7151cd07254950.jpg
[2025-08-21T20:19:23.165Z]   ✓ Downloaded (20049 bytes)
[2025-08-21T20:19:23.506Z]   ✓ Uploaded to Cloudinary: https://res.cloudinary.com/natemoshhh/image/upload/v1755807563/quote-builder/6539cc6b90e142f26c7151cd07254950.jpg
[2025-08-21T20:19:23.607Z] Processing: /library/modules/upload/files/quote_product/2/7f3854058ee15fd9c780712decc602a1.jpg
[2025-08-21T20:19:23.709Z]   ✓ Downloaded (24164 bytes)
[2025-08-21T20:19:24.288Z]   ✓ Uploaded to Cloudinary: https://res.cloudinary.com/natemoshhh/image/upload/v1755807564/quote-builder/7f3854058ee15fd9c780712decc602a1.jpg
[2025-08-21T20:19:24.389Z] Processing: /library/modules/upload/files/quote_product/3/0012d5232781b45f4c623c39eafec1e1.jpg
[2025-08-21T20:19:24.498Z]   ✓ Downloaded (48864 bytes)
[2025-08-21T20:19:25.125Z]   ✓ Uploaded to Cloudinary: https://res.cloudinary.com/natemoshhh/image/upload/v1755807564/quote-builder/0012d5232781b45f4c623c39eafec1e1.jpg
[2025-08-21T20:19:25.226Z] Processing: /library/modules/upload/files/quote_product/506/b59b31a2e29adf8a03abcb7a6c1520d5.jpg
[2025-08-21T20:19:25.326Z]   ✓ Downloaded (5030 bytes)
[2025-08-21T20:19:25.662Z]   ✓ Uploaded to Cloudinary: https://res.cloudinary.com/natemoshhh/image/upload/v1755807565/quote-builder/b59b31a2e29adf8a03abcb7a6c1520d5.jpg
[2025-08-21T20:19:25.764Z] Processing: /library/modules/upload/files/quote_product/4/dd89eb7eb6ba6b0cc50ef3b78288e303.jpg
[2025-08-21T20:19:25.864Z]   ✓ Downloaded (8995 bytes)
[2025-08-21T20:19:26.235Z]   ✓ Uploaded to Cloudinary: https://res.cloudinary.com/natemoshhh/image/upload/v1755807566/quote-builder/dd89eb7eb6ba6b0cc50ef3b78288e303.jpg
[2025-08-21T20:19:26.337Z] Processing: /library/modules/upload/files/quote_product/5/cb7d437f7b22a3a3666fcfbd7d1ad539.jpg
[2025-08-21T20:19:26.438Z]   ✓ Downloaded (32428 bytes)
[2025-08-21T20:19:26.989Z]   ✓ Uploaded to Cloudinary: https://res.cloudinary.com/natemoshhh/image/upload/v1755807566/quote-builder/cb7d437f7b22a3a3666fcfbd7d1ad539.jpg
[2025-08-21T20:19:27.090Z] Processing: /library/modules/upload/files/quote_product/6/68dacbb2dde31141ccbede25b186b5f1.jpg
[2025-08-21T20:19:27.191Z]   ✓ Downloaded (32348 bytes)
[2025-08-21T20:19:27.613Z]   ✓ Uploaded to Cloudinary: https://res.cloudinary.com/natemoshhh/image/upload/v1755807567/quote-builder/68dacbb2dde31141ccbede25b186b5f1.jpg
[2025-08-21T20:19:27.715Z] Processing: /library/modules/upload/files/quote_product/7/f7f92cfdaa2114f2b65636591e59b88f.jpg
[2025-08-21T20:19:27.816Z]   ✓ Downloaded (12346 bytes)
[2025-08-21T20:19:28.305Z]   ✓ Uploaded to Cloudinary: https://res.cloudinary.com/natemoshhh/image/upload/v1755807568/quote-builder/f7f92cfdaa2114f2b65636591e59b88f.jpg
[2025-08-21T20:19:28.406Z] Processing: /library/modules/upload/files/quote_product/8/b2f13ddadc149dc45fcc2d29b158abb4.jpg
[2025-08-21T20:19:28.509Z]   ✓ Downloaded (27250 bytes)
[2025-08-21T20:19:29.061Z]   ✓ Uploaded to Cloudinary: https://res.cloudinary.com/natemoshhh/image/upload/v1755807568/quote-builder/b2f13ddadc149dc45fcc2d29b158abb4.jpg
[2025-08-21T20:19:29.163Z] Processing: /library/modules/upload/files/quote_product/9/7cdb843b103b0a74c868ffbddcd5db21.jpg
[2025-08-21T20:19:29.266Z]   ✓ Downloaded (28345 bytes)
[2025-08-21T20:19:29.664Z]   ✓ Uploaded to Cloudinary: https://res.cloudinary.com/natemoshhh/image/upload/v1755807569/quote-builder/7cdb843b103b0a74c868ffbddcd5db21.jpg
[2025-08-21T20:19:29.765Z] Processing: /library/modules/upload/files/quote_product/10/22faa574802219a48511d250d281eebc.jpg
[2025-08-21T20:19:29.867Z]   ✓ Downloaded (12459 bytes)
[2025-08-21T20:19:30.348Z]   ✓ Uploaded to Cloudinary: https://res.cloudinary.com/natemoshhh/image/upload/v1755807570/quote-builder/22faa574802219a48511d250d281eebc.jpg
[2025-08-21T20:19:30.449Z] Processing: /library/modules/upload/files/quote_product/11/e437b10ac1e2638069f2ce69c7831aa4.jpg
[2025-08-21T20:19:30.549Z]   ✓ Downloaded (10952 bytes)
[2025-08-21T20:19:30.963Z]   ✓ Uploaded to Cloudinary: https://res.cloudinary.com/natemoshhh/image/upload/v1755807570/quote-builder/e437b10ac1e2638069f2ce69c7831aa4.jpg
[2025-08-21T20:19:31.063Z] Processing: /library/modules/upload/files/quote_product/12/ea18e049773aed37cf15c8451d600af6.jpg
[2025-08-21T20:19:31.164Z]   ✓ Downloaded (13096 bytes)
[2025-08-21T20:19:31.549Z]   ✓ Uploaded to Cloudinary: https://res.cloudinary.com/natemoshhh/image/upload/v1755807571/quote-builder/ea18e049773aed37cf15c8451d600af6.jpg
[2025-08-21T20:19:31.651Z] Processing: /library/modules/upload/files/quote_product/13/d8e31a7ec3c9dcc02c7bc9dd10494c12.jpg
[2025-08-21T20:19:31.751Z]   ✓ Downloaded (11067 bytes)
[2025-08-21T20:19:32.883Z]   ✓ Uploaded to Cloudinary: https://res.cloudinary.com/natemoshhh/image/upload/v1755807572/quote-builder/d8e31a7ec3c9dcc02c7bc9dd10494c12.jpg
[2025-08-21T20:19:32.984Z] Processing: /library/modules/upload/files/quote_product/14/a10a95b398289e8ca132c3670727ea5c.jpg
[2025-08-21T20:19:33.085Z]   ✓ Downloaded (10975 bytes)
[2025-08-21T20:19:33.579Z]   ✓ Uploaded to Cloudinary: https://res.cloudinary.com/natemoshhh/image/upload/v1755807573/quote-builder/a10a95b398289e8ca132c3670727ea5c.jpg
[2025-08-21T20:19:33.681Z] Processing: /library/modules/upload/files/quote_product/15/dac986177bd017203329a3673ff2cd65.jpg
[2025-08-21T20:19:33.784Z]   ✓ Downloaded (11992 bytes)
[2025-08-21T20:19:34.694Z]   ✓ Uploaded to Cloudinary: https://res.cloudinary.com/natemoshhh/image/upload/v1755807574/quote-builder/dac986177bd017203329a3673ff2cd65.jpg
[2025-08-21T20:19:34.796Z] Processing: /library/modules/upload/files/quote_product/16/fe5c2815987d137836cfa4b562520dcd.jpg
[2025-08-21T20:19:34.897Z]   ✓ Downloaded (12210 bytes)
[2025-08-21T20:19:35.343Z]   ✓ Uploaded to Cloudinary: https://res.cloudinary.com/natemoshhh/image/upload/v1755807575/quote-builder/fe5c2815987d137836cfa4b562520dcd.jpg
[2025-08-21T20:19:35.444Z] Processing: /library/modules/upload/files/quote_product/17/68bec317ca7174525bef059ac5b6834f.jpg
[2025-08-21T20:19:35.557Z]   ✓ Downloaded (10707 bytes)
[2025-08-21T20:19:35.953Z]   ✓ Uploaded to Cloudinary: https://res.cloudinary.com/natemoshhh/image/upload/v1755807575/quote-builder/68bec317ca7174525bef059ac5b6834f.jpg
[2025-08-21T20:19:36.054Z] Processing: /library/modules/upload/files/quote_product/18/8e703f4b975459e27e05903eb96bf8fb.jpg
[2025-08-21T20:19:36.156Z]   ✓ Downloaded (11372 bytes)
[2025-08-21T20:19:36.674Z]   ✓ Uploaded to Cloudinary: https://res.cloudinary.com/natemoshhh/image/upload/v1755807576/quote-builder/8e703f4b975459e27e05903eb96bf8fb.jpg
[2025-08-21T20:19:36.774Z] Processing: /library/modules/upload/files/quote_product/19/5d350cb88124114a944d7c429de72ea3.jpg
[2025-08-21T20:19:36.874Z]   ✓ Downloaded (11655 bytes)
[2025-08-21T20:19:37.383Z]   ✓ Uploaded to Cloudinary: https://res.cloudinary.com/natemoshhh/image/upload/v1755807577/quote-builder/5d350cb88124114a944d7c429de72ea3.jpg
[2025-08-21T20:19:37.484Z] Processing: /library/modules/upload/files/quote_product/20/6050b32617f5f0e50cce7f29414cc8c8.jpg
[2025-08-21T20:19:37.585Z]   ✓ Downloaded (12374 bytes)
[2025-08-21T20:19:38.259Z]   ✓ Uploaded to Cloudinary: https://res.cloudinary.com/natemoshhh/image/upload/v1755807578/quote-builder/6050b32617f5f0e50cce7f29414cc8c8.jpg
[2025-08-21T20:19:38.360Z] Processing: /library/modules/upload/files/quote_product/21/217170cf61ef775f930fa745b06035fe.jpg
[2025-08-21T20:19:38.460Z]   ✓ Downloaded (12439 bytes)
[2025-08-21T20:19:38.963Z]   ✓ Uploaded to Cloudinary: https://res.cloudinary.com/natemoshhh/image/upload/v1755807578/quote-builder/217170cf61ef775f930fa745b06035fe.jpg
[2025-08-21T20:19:39.065Z] Processing: /library/modules/upload/files/quote_product/22/24fb43bfd8386f3dd9adc0a7df81290e.jpg
[2025-08-21T20:19:39.166Z]   ✓ Downloaded (11834 bytes)
[2025-08-21T20:19:40.049Z]   ✓ Uploaded to Cloudinary: https://res.cloudinary.com/natemoshhh/image/upload/v1755807579/quote-builder/24fb43bfd8386f3dd9adc0a7df81290e.jpg
[2025-08-21T20:19:40.150Z] Processing: /library/modules/upload/files/quote_product/23/79604bfda845bae3210fb9bf58203dc7.jpg
[2025-08-21T20:19:40.251Z]   ✓ Downloaded (12875 bytes)
[2025-08-21T20:19:40.854Z]   ✓ Uploaded to Cloudinary: https://res.cloudinary.com/natemoshhh/image/upload/v1755807580/quote-builder/79604bfda845bae3210fb9bf58203dc7.jpg
[2025-08-21T20:19:40.955Z] Processing: /library/modules/upload/files/quote_product/24/5f227fd8db63cdfc0c5576946d536917.jpg
[2025-08-21T20:19:41.054Z]   ✓ Downloaded (13010 bytes)
[2025-08-21T20:19:41.441Z]   ✓ Uploaded to Cloudinary: https://res.cloudinary.com/natemoshhh/image/upload/v1755807581/quote-builder/5f227fd8db63cdfc0c5576946d536917.jpg
[2025-08-21T20:19:41.541Z] Processing: /library/modules/upload/files/quote_product/25/710dc85ad41dccff78b1429b89575d7f.jpg
[2025-08-21T20:19:41.660Z]   ✓ Downloaded (13000 bytes)
[2025-08-21T20:19:42.096Z]   ✓ Uploaded to Cloudinary: https://res.cloudinary.com/natemoshhh/image/upload/v1755807581/quote-builder/710dc85ad41dccff78b1429b89575d7f.jpg
[2025-08-21T20:19:42.197Z] Processing: /library/modules/upload/files/quote_product/26/ba58fabb0ff3710044e53ef20db79556.jpg
[2025-08-21T20:19:42.297Z]   ✓ Downloaded (15379 bytes)
[2025-08-21T20:19:42.772Z]   ✓ Uploaded to Cloudinary: https://res.cloudinary.com/natemoshhh/image/upload/v1755807582/quote-builder/ba58fabb0ff3710044e53ef20db79556.jpg
[2025-08-21T20:19:42.873Z] Processing: /library/modules/upload/files/quote_product/27/8cf3d5bff3367b002fdad2fefb9c8860.jpg
[2025-08-21T20:19:42.974Z]   ✓ Downloaded (15030 bytes)
[2025-08-21T20:19:43.311Z]   ✓ Uploaded to Cloudinary: https://res.cloudinary.com/natemoshhh/image/upload/v1755807583/quote-builder/8cf3d5bff3367b002fdad2fefb9c8860.jpg
[2025-08-21T20:19:43.412Z] Processing: /library/modules/upload/files/quote_product/451/45bfa4b82a113f349b312927013a5e63.jpg
[2025-08-21T20:19:43.513Z]   ✓ Downloaded (13754 bytes)
[2025-08-21T20:19:43.934Z]   ✓ Uploaded to Cloudinary: https://res.cloudinary.com/natemoshhh/image/upload/v1755807583/quote-builder/45bfa4b82a113f349b312927013a5e63.jpg
[2025-08-21T20:19:44.034Z] Processing: /library/modules/upload/files/quote_product/504/865bd189269b5f999c145069028684ab.jpg
[2025-08-21T20:19:44.143Z]   ✓ Downloaded (14869 bytes)
[2025-08-21T20:19:44.738Z]   ✓ Uploaded to Cloudinary: https://res.cloudinary.com/natemoshhh/image/upload/v1755807584/quote-builder/865bd189269b5f999c145069028684ab.jpg
[2025-08-21T20:19:44.839Z] Processing: /library/modules/upload/files/quote_product/505/7aae9f57c335279527cf874ddb48aa41.jpg
[2025-08-21T20:19:44.942Z]   ✓ Downloaded (11834 bytes)
[2025-08-21T20:19:45.372Z]   ✓ Uploaded to Cloudinary: https://res.cloudinary.com/natemoshhh/image/upload/v1755807585/quote-builder/7aae9f57c335279527cf874ddb48aa41.jpg
[2025-08-21T20:19:45.472Z] Processing: /library/modules/upload/files/quote_product/29/c3abca063acdcd7220b58d39157a1938.png
[2025-08-21T20:19:45.572Z]   ✓ Downloaded (29649 bytes)
[2025-08-21T20:19:46.157Z]   ✓ Uploaded to Cloudinary: https://res.cloudinary.com/natemoshhh/image/upload/v1755807586/quote-builder/c3abca063acdcd7220b58d39157a1938.jpg
[2025-08-21T20:19:46.258Z] Processing: /library/modules/upload/files/quote_product/30/067b7318a3af46ab57cb65485024a8d0.jpg
[2025-08-21T20:19:46.361Z]   ✓ Downloaded (21178 bytes)
[2025-08-21T20:19:46.696Z]   ✓ Uploaded to Cloudinary: https://res.cloudinary.com/natemoshhh/image/upload/v1755807586/quote-builder/067b7318a3af46ab57cb65485024a8d0.jpg
[2025-08-21T20:19:46.796Z] Processing: /library/modules/upload/files/quote_product/31/59ae74ee9b79a5b9063e5f95e44c3dba.jpg
[2025-08-21T20:19:46.896Z]   ✓ Downloaded (11650 bytes)
[2025-08-21T20:19:47.312Z]   ✓ Uploaded to Cloudinary: https://res.cloudinary.com/natemoshhh/image/upload/v1755807587/quote-builder/59ae74ee9b79a5b9063e5f95e44c3dba.jpg
[2025-08-21T20:19:47.413Z] Processing: /library/modules/upload/files/quote_product/32/45c8464cacc8ba9ee0191e42e9d795c7.jpg
[2025-08-21T20:19:47.514Z]   ✓ Downloaded (13636 bytes)
[2025-08-21T20:19:48.075Z]   ✓ Uploaded to Cloudinary: https://res.cloudinary.com/natemoshhh/image/upload/v1755807587/quote-builder/45c8464cacc8ba9ee0191e42e9d795c7.jpg
[2025-08-21T20:19:48.176Z] Processing: /library/modules/upload/files/quote_product/33/a9f63a2bf38c873196ffdf51652aac87.jpg
[2025-08-21T20:19:48.276Z]   ✓ Downloaded (13068 bytes)
[2025-08-21T20:19:48.777Z]   ✓ Uploaded to Cloudinary: https://res.cloudinary.com/natemoshhh/image/upload/v1755807588/quote-builder/a9f63a2bf38c873196ffdf51652aac87.jpg
[2025-08-21T20:19:48.879Z] Processing: /library/modules/upload/files/quote_product/34/8cee4b832baf7db36b5f40f5724a9e17.jpg
[2025-08-21T20:19:48.980Z]   ✓ Downloaded (14641 bytes)
[2025-08-21T20:19:49.483Z]   ✓ Uploaded to Cloudinary: https://res.cloudinary.com/natemoshhh/image/upload/v1755807589/quote-builder/8cee4b832baf7db36b5f40f5724a9e17.jpg
[2025-08-21T20:19:49.584Z] Processing: /library/modules/upload/files/quote_product/35/40c36e634c25beea09974b8086c53278.jpg
[2025-08-21T20:19:49.684Z]   ✓ Downloaded (15847 bytes)
[2025-08-21T20:19:50.253Z]   ✓ Uploaded to Cloudinary: https://res.cloudinary.com/natemoshhh/image/upload/v1755807590/quote-builder/40c36e634c25beea09974b8086c53278.jpg
[2025-08-21T20:19:50.353Z] Processing: /library/modules/upload/files/quote_product/36/b898d01dfb2b5d61f2dfcfaafeca756e.jpg
[2025-08-21T20:19:50.457Z]   ✓ Downloaded (24304 bytes)
[2025-08-21T20:19:50.873Z]   ✓ Uploaded to Cloudinary: https://res.cloudinary.com/natemoshhh/image/upload/v1755807590/quote-builder/b898d01dfb2b5d61f2dfcfaafeca756e.jpg
[2025-08-21T20:19:50.974Z] Processing: /library/modules/upload/files/quote_product/37/72516eefa4eadfd3a66fb6ea4bb60dc3.jpg
[2025-08-21T20:19:51.099Z]   ✓ Downloaded (24411 bytes)
[2025-08-21T20:19:51.634Z]   ✓ Uploaded to Cloudinary: https://res.cloudinary.com/natemoshhh/image/upload/v1755807591/quote-builder/72516eefa4eadfd3a66fb6ea4bb60dc3.jpg
[2025-08-21T20:19:51.736Z] Processing: /library/modules/upload/files/quote_product/38/91e971dc357a1b0cffea4ca7a6b42a13.jpg
[2025-08-21T20:19:51.837Z]   ✓ Downloaded (13869 bytes)
[2025-08-21T20:19:52.483Z]   ✓ Uploaded to Cloudinary: https://res.cloudinary.com/natemoshhh/image/upload/v1755807592/quote-builder/91e971dc357a1b0cffea4ca7a6b42a13.jpg
[2025-08-21T20:19:52.584Z] Processing: /library/modules/upload/files/quote_product/39/86eed1c7c219e54c06d354dde7f1c391.jpg
[2025-08-21T20:19:52.686Z]   ✓ Downloaded (15787 bytes)
[2025-08-21T20:19:53.078Z]   ✓ Uploaded to Cloudinary: https://res.cloudinary.com/natemoshhh/image/upload/v1755807593/quote-builder/86eed1c7c219e54c06d354dde7f1c391.jpg
[2025-08-21T20:19:53.179Z] Processing: /library/modules/upload/files/quote_product/40/979085cec155246b907c5ffa50b6c090.jpg
[2025-08-21T20:19:53.280Z]   ✓ Downloaded (17325 bytes)
[2025-08-21T20:19:53.774Z]   ✓ Uploaded to Cloudinary: https://res.cloudinary.com/natemoshhh/image/upload/v1755807593/quote-builder/979085cec155246b907c5ffa50b6c090.jpg
[2025-08-21T20:19:53.876Z] Processing: /library/modules/upload/files/quote_product/41/da48c42680a446a4fccf7e374c8258a0.jpg
[2025-08-21T20:19:53.976Z]   ✓ Downloaded (28206 bytes)
[2025-08-21T20:19:54.924Z]   ✓ Uploaded to Cloudinary: https://res.cloudinary.com/natemoshhh/image/upload/v1755807594/quote-builder/da48c42680a446a4fccf7e374c8258a0.jpg
[2025-08-21T20:19:55.025Z] Processing: /library/modules/upload/files/quote_product/42/f85aec5963c98d6cb8b105090a09cd7f.jpg
[2025-08-21T20:19:55.126Z]   ✓ Downloaded (29413 bytes)
[2025-08-21T20:19:55.497Z]   ✓ Uploaded to Cloudinary: https://res.cloudinary.com/natemoshhh/image/upload/v1755807595/quote-builder/f85aec5963c98d6cb8b105090a09cd7f.jpg
[2025-08-21T20:19:55.598Z] Processing: /library/modules/upload/files/quote_product/470/4d1c84ba064d2fc21779130c5617f5d8.jpg
[2025-08-21T20:19:55.697Z]   ✓ Downloaded (579 bytes)
[2025-08-21T20:19:56.217Z]   ✓ Uploaded to Cloudinary: https://res.cloudinary.com/natemoshhh/image/upload/v1755807596/quote-builder/4d1c84ba064d2fc21779130c5617f5d8.jpg
[2025-08-21T20:19:56.317Z] Processing: /library/modules/upload/files/quote_product/471/3921bb4efee4c2ee49d0760fac1316e2.jpg
[2025-08-21T20:19:56.416Z]   ✓ Downloaded (576 bytes)
[2025-08-21T20:19:56.933Z]   ✓ Uploaded to Cloudinary: https://res.cloudinary.com/natemoshhh/image/upload/v1755807596/quote-builder/3921bb4efee4c2ee49d0760fac1316e2.jpg
[2025-08-21T20:19:57.034Z] Processing: /library/modules/upload/files/quote_product/507/d342fc921040b08fe69ef46858985358.jpg
[2025-08-21T20:19:57.135Z]   ✓ Downloaded (29315 bytes)
[2025-08-21T20:19:57.524Z]   ✓ Uploaded to Cloudinary: https://res.cloudinary.com/natemoshhh/image/upload/v1755807597/quote-builder/d342fc921040b08fe69ef46858985358.jpg
[2025-08-21T20:19:57.625Z] Processing: /library/modules/upload/files/quote_product/508/5905ded7683306f931a6e7fd5ab5cc01.jpg
[2025-08-21T20:19:57.726Z]   ✓ Downloaded (29236 bytes)
[2025-08-21T20:19:58.492Z]   ✓ Uploaded to Cloudinary: https://res.cloudinary.com/natemoshhh/image/upload/v1755807598/quote-builder/5905ded7683306f931a6e7fd5ab5cc01.jpg
[2025-08-21T20:19:58.592Z] Processing: /library/modules/upload/files/quote_product/509/004e30ecd9fb8728fc3309fbc3b33296.jpg
[2025-08-21T20:19:58.695Z]   ✓ Downloaded (32068 bytes)
[2025-08-21T20:19:59.224Z]   ✓ Uploaded to Cloudinary: https://res.cloudinary.com/natemoshhh/image/upload/v1755807599/quote-builder/004e30ecd9fb8728fc3309fbc3b33296.jpg
[2025-08-21T20:19:59.226Z] SQL updates saved to: ./scripts/update-images.sql
[2025-08-21T20:19:59.227Z] Results saved to: ./scripts/migration-results.json
[2025-08-21T20:19:59.227Z] Migration completed!
[2025-08-21T20:19:59.227Z] Success: 381/381 images
[2025-08-21T20:24:50.910Z] Starting image migration...
[2025-08-21T20:24:50.914Z] Reading data-final.json...
[2025-08-21T20:24:50.918Z] Found 381 unique /library images
[2025-08-21T20:24:50.918Z] Processing: /library/modules/upload/files/quote_product/44/e5644e5349b1e8a44072d02a4ac11944.jpg
[2025-08-21T20:24:51.381Z]   ✓ Downloaded (7030 bytes)
[2025-08-21T20:24:51.956Z]   ✓ Uploaded to Cloudinary: https://res.cloudinary.com/natemoshhh/image/upload/v1755807891/quote-builder/e5644e5349b1e8a44072d02a4ac11944.jpg
[2025-08-21T20:24:52.057Z] Processing: /library/modules/upload/files/quote_product/45/7b7064c716a78794b95647a1d2f5ecb3.jpg
[2025-08-21T20:24:52.158Z]   ✓ Downloaded (5662 bytes)
[2025-08-21T20:24:52.670Z]   ✓ Uploaded to Cloudinary: https://res.cloudinary.com/natemoshhh/image/upload/v1755807892/quote-builder/7b7064c716a78794b95647a1d2f5ecb3.jpg
[2025-08-21T20:24:52.771Z] Processing: /library/modules/upload/files/quote_product/46/09f92db7bb6e17cbffbf12994ac30784.jpg
[2025-08-21T20:24:52.872Z]   ✓ Downloaded (8176 bytes)
[2025-08-21T20:24:53.277Z]   ✓ Uploaded to Cloudinary: https://res.cloudinary.com/natemoshhh/image/upload/v1755807893/quote-builder/09f92db7bb6e17cbffbf12994ac30784.jpg
[2025-08-21T20:24:53.379Z] Processing: /library/modules/upload/files/quote_product/47/55f283644f2d1d6be07d72d0e12203b3.jpg
[2025-08-21T20:24:53.479Z]   ✓ Downloaded (9128 bytes)
[2025-08-21T20:24:53.921Z]   ✓ Uploaded to Cloudinary: https://res.cloudinary.com/natemoshhh/image/upload/v1755807893/quote-builder/55f283644f2d1d6be07d72d0e12203b3.jpg
[2025-08-21T20:24:54.022Z] Processing: /library/modules/upload/files/quote_product/72/da21ff347b9f86ce41056f83687b0a3c.jpg
[2025-08-21T20:24:54.125Z]   ✓ Downloaded (7619 bytes)
[2025-08-21T20:24:55.259Z]   ✓ Uploaded to Cloudinary: https://res.cloudinary.com/natemoshhh/image/upload/v1755807894/quote-builder/da21ff347b9f86ce41056f83687b0a3c.jpg
[2025-08-21T20:24:55.360Z] Processing: /library/modules/upload/files/quote_product/73/3b6555ef049b23936517de7b7278641f.jpg
[2025-08-21T20:24:55.465Z]   ✓ Downloaded (8217 bytes)
[2025-08-21T20:24:55.822Z]   ✓ Uploaded to Cloudinary: https://res.cloudinary.com/natemoshhh/image/upload/v1755807895/quote-builder/3b6555ef049b23936517de7b7278641f.jpg
[2025-08-21T20:24:55.924Z] Processing: /library/modules/upload/files/quote_product/74/3ba4346232ddd1bcbb0864c8b79249a5.jpg
[2025-08-21T20:24:56.025Z]   ✓ Downloaded (8023 bytes)
[2025-08-21T20:24:56.458Z]   ✓ Uploaded to Cloudinary: https://res.cloudinary.com/natemoshhh/image/upload/v1755807896/quote-builder/3ba4346232ddd1bcbb0864c8b79249a5.jpg
[2025-08-21T20:24:56.559Z] Processing: /library/modules/upload/files/quote_product/75/c5a8e341aa6ee2aadbd0987055c420ff.jpg
[2025-08-21T20:24:56.663Z]   ✓ Downloaded (7725 bytes)
[2025-08-21T20:24:57.182Z]   ✓ Uploaded to Cloudinary: https://res.cloudinary.com/natemoshhh/image/upload/v1755807896/quote-builder/c5a8e341aa6ee2aadbd0987055c420ff.jpg
[2025-08-21T20:24:57.284Z] Processing: /library/modules/upload/files/quote_product/76/8b9ec879855b0ca5b9fa536ecbee4358.jpg
[2025-08-21T20:24:57.385Z]   ✓ Downloaded (8490 bytes)
[2025-08-21T20:24:57.857Z]   ✓ Uploaded to Cloudinary: https://res.cloudinary.com/natemoshhh/image/upload/v1755807897/quote-builder/8b9ec879855b0ca5b9fa536ecbee4358.jpg
[2025-08-21T20:24:57.957Z] Processing: /library/modules/upload/files/quote_product/77/2dee5dd2a6a4d0c422c9487251cd9161.jpg
[2025-08-21T20:24:58.059Z]   ✓ Downloaded (8989 bytes)
[2025-08-21T20:24:58.564Z]   ✓ Uploaded to Cloudinary: https://res.cloudinary.com/natemoshhh/image/upload/v1755807898/quote-builder/2dee5dd2a6a4d0c422c9487251cd9161.jpg
[2025-08-21T20:24:58.666Z] Processing: /library/modules/upload/files/quote_product/78/d3446dec47aee3d4819f4c07a5b24b89.jpg
[2025-08-21T20:24:58.768Z]   ✓ Downloaded (9168 bytes)
[2025-08-21T20:24:59.103Z]   ✓ Uploaded to Cloudinary: https://res.cloudinary.com/natemoshhh/image/upload/v1755807898/quote-builder/d3446dec47aee3d4819f4c07a5b24b89.jpg
[2025-08-21T20:24:59.203Z] Processing: /library/modules/upload/files/quote_product/79/9a62b0d291262eb93a6af8a15598159d.jpg
[2025-08-21T20:24:59.303Z]   ✓ Downloaded (8522 bytes)
[2025-08-21T20:24:59.900Z]   ✓ Uploaded to Cloudinary: https://res.cloudinary.com/natemoshhh/image/upload/v1755807899/quote-builder/9a62b0d291262eb93a6af8a15598159d.jpg
[2025-08-21T20:25:00.002Z] Processing: /library/modules/upload/files/quote_product/80/8e077a25d964599c3389c7b3f98f385b.jpg
[2025-08-21T20:25:00.125Z]   ✓ Downloaded (8443 bytes)
[2025-08-21T20:25:00.736Z]   ✓ Uploaded to Cloudinary: https://res.cloudinary.com/natemoshhh/image/upload/v1755807900/quote-builder/8e077a25d964599c3389c7b3f98f385b.jpg
[2025-08-21T20:25:00.837Z] Processing: /library/modules/upload/files/quote_product/81/150b2ba0595e763a08ee4e414f57117d.jpg
[2025-08-21T20:25:00.938Z]   ✓ Downloaded (8126 bytes)
[2025-08-21T20:25:01.462Z]   ✓ Uploaded to Cloudinary: https://res.cloudinary.com/natemoshhh/image/upload/v1755807901/quote-builder/150b2ba0595e763a08ee4e414f57117d.jpg
[2025-08-21T20:25:01.563Z] Processing: /library/modules/upload/files/quote_product/82/b01d308409564fe20cd9fd2000768c46.jpg
[2025-08-21T20:25:01.671Z]   ✓ Downloaded (7146 bytes)
[2025-08-21T20:25:02.923Z]   ✓ Uploaded to Cloudinary: https://res.cloudinary.com/natemoshhh/image/upload/v1755807901/quote-builder/b01d308409564fe20cd9fd2000768c46.jpg
[2025-08-21T20:25:03.025Z] Processing: /library/modules/upload/files/quote_product/83/2d3b7a527d68479b5b88ae377b0d0966.jpg
[2025-08-21T20:25:03.137Z]   ✓ Downloaded (12615 bytes)
[2025-08-21T20:25:03.675Z]   ✓ Uploaded to Cloudinary: https://res.cloudinary.com/natemoshhh/image/upload/v1755807903/quote-builder/2d3b7a527d68479b5b88ae377b0d0966.jpg
[2025-08-21T20:25:03.776Z] Processing: /library/modules/upload/files/quote_product/84/07a6c2f66cba9abbb9875aaef90718de.jpg
[2025-08-21T20:25:03.877Z]   ✓ Downloaded (12267 bytes)
[2025-08-21T20:25:07.061Z]   ✓ Uploaded to Cloudinary: https://res.cloudinary.com/natemoshhh/image/upload/v1755807904/quote-builder/07a6c2f66cba9abbb9875aaef90718de.jpg
[2025-08-21T20:25:07.162Z] Processing: /library/modules/upload/files/quote_product/85/5a1d96ebeeff5f71fe4036f63299a108.jpg
[2025-08-21T20:25:07.262Z]   ✓ Downloaded (9548 bytes)
[2025-08-21T20:25:07.685Z]   ✓ Uploaded to Cloudinary: https://res.cloudinary.com/natemoshhh/image/upload/v1755807907/quote-builder/5a1d96ebeeff5f71fe4036f63299a108.jpg
[2025-08-21T20:25:07.786Z] Processing: /library/modules/upload/files/quote_product/86/079bfa68d44dbabe56bbc463a110d6b5.jpg
[2025-08-21T20:25:07.888Z]   ✓ Downloaded (10009 bytes)
[2025-08-21T20:25:08.381Z]   ✓ Uploaded to Cloudinary: https://res.cloudinary.com/natemoshhh/image/upload/v1755807908/quote-builder/079bfa68d44dbabe56bbc463a110d6b5.jpg
[2025-08-21T20:25:08.482Z] Processing: /library/modules/upload/files/quote_product/87/8b3514d944a40adee0207cc3e0aa3e57.jpg
[2025-08-21T20:25:08.584Z]   ✓ Downloaded (12751 bytes)
[2025-08-21T20:25:08.965Z]   ✓ Uploaded to Cloudinary: https://res.cloudinary.com/natemoshhh/image/upload/v1755807908/quote-builder/8b3514d944a40adee0207cc3e0aa3e57.jpg
[2025-08-21T20:25:09.066Z] Processing: /library/modules/upload/files/quote_product/88/9b0f58e1d915f749f5363e7ff9e782f3.jpg
[2025-08-21T20:25:09.182Z]   ✓ Downloaded (13677 bytes)
[2025-08-21T20:25:09.711Z]   ✓ Uploaded to Cloudinary: https://res.cloudinary.com/natemoshhh/image/upload/v1755807909/quote-builder/9b0f58e1d915f749f5363e7ff9e782f3.jpg
[2025-08-21T20:25:09.815Z] Processing: /library/modules/upload/files/quote_product/89/a635c1f24629ac68061443965f50e8eb.jpg
[2025-08-21T20:25:09.920Z]   ✓ Downloaded (14552 bytes)
[2025-08-21T20:25:10.290Z]   ✓ Uploaded to Cloudinary: https://res.cloudinary.com/natemoshhh/image/upload/v1755807910/quote-builder/a635c1f24629ac68061443965f50e8eb.jpg
[2025-08-21T20:25:10.391Z] Processing: /library/modules/upload/files/quote_product/90/1b3837cf54183701c6526f3ac3192c54.jpg
[2025-08-21T20:25:10.492Z]   ✓ Downloaded (13352 bytes)
[2025-08-21T20:25:11.117Z]   ✓ Uploaded to Cloudinary: https://res.cloudinary.com/natemoshhh/image/upload/v1755807910/quote-builder/1b3837cf54183701c6526f3ac3192c54.jpg
[2025-08-21T20:25:11.218Z] Processing: /library/modules/upload/files/quote_product/112/5d7ccd970e2b1489bb4d3df26a5b7657.jpg
[2025-08-21T20:25:11.320Z]   ✓ Downloaded (20550 bytes)
[2025-08-21T20:25:11.727Z]   ✓ Uploaded to Cloudinary: https://res.cloudinary.com/natemoshhh/image/upload/v1755807911/quote-builder/5d7ccd970e2b1489bb4d3df26a5b7657.jpg
[2025-08-21T20:25:11.827Z] Processing: /library/modules/upload/files/quote_product/113/c7e3af4b754f3e333d6553b2e699dbf0.jpg
[2025-08-21T20:25:11.929Z]   ✓ Downloaded (20506 bytes)
[2025-08-21T20:25:12.573Z]   ✓ Uploaded to Cloudinary: https://res.cloudinary.com/natemoshhh/image/upload/v1755807912/quote-builder/c7e3af4b754f3e333d6553b2e699dbf0.jpg
[2025-08-21T20:25:12.675Z] Processing: /library/modules/upload/files/quote_product/114/3daeaae0d0835029a7c3462311ff9649.jpg
[2025-08-21T20:25:12.776Z]   ✓ Downloaded (20331 bytes)
[2025-08-21T20:25:13.191Z]   ✓ Uploaded to Cloudinary: https://res.cloudinary.com/natemoshhh/image/upload/v1755807913/quote-builder/3daeaae0d0835029a7c3462311ff9649.jpg
[2025-08-21T20:25:13.292Z] Processing: /library/modules/upload/files/quote_product/115/43ae7d8ae973f8eef8257e2532ee6ad7.jpg
[2025-08-21T20:25:13.396Z]   ✓ Downloaded (20509 bytes)
[2025-08-21T20:25:13.885Z]   ✓ Uploaded to Cloudinary: https://res.cloudinary.com/natemoshhh/image/upload/v1755807913/quote-builder/43ae7d8ae973f8eef8257e2532ee6ad7.jpg
[2025-08-21T20:25:13.987Z] Processing: /library/modules/upload/files/quote_product/116/1a1d5353cf79d84d6b868adc8781206d.jpg
[2025-08-21T20:25:14.088Z]   ✓ Downloaded (20283 bytes)
[2025-08-21T20:25:14.577Z]   ✓ Uploaded to Cloudinary: https://res.cloudinary.com/natemoshhh/image/upload/v1755807914/quote-builder/1a1d5353cf79d84d6b868adc8781206d.jpg
[2025-08-21T20:25:14.679Z] Processing: /library/modules/upload/files/quote_product/117/63e422b65ff16baaa24b6a5609726bf5.jpg
[2025-08-21T20:25:14.780Z]   ✓ Downloaded (20648 bytes)
[2025-08-21T20:25:15.202Z]   ✓ Uploaded to Cloudinary: https://res.cloudinary.com/natemoshhh/image/upload/v1755807915/quote-builder/63e422b65ff16baaa24b6a5609726bf5.jpg
[2025-08-21T20:25:15.303Z] Processing: /library/modules/upload/files/quote_product/425/f31e2988ec88103651ea4a92ad566de8.jpg
[2025-08-21T20:25:15.406Z]   ✓ Downloaded (20516 bytes)
[2025-08-21T20:25:15.788Z]   ✓ Uploaded to Cloudinary: https://res.cloudinary.com/natemoshhh/image/upload/v1755807915/quote-builder/f31e2988ec88103651ea4a92ad566de8.jpg
[2025-08-21T20:25:15.888Z] Processing: /library/modules/upload/files/quote_product/426/661dee8b46a8b1c3de396ac464098b56.jpg
[2025-08-21T20:25:15.991Z]   ✓ Downloaded (20478 bytes)
[2025-08-21T20:25:48.972Z]   ✓ Uploaded to Cloudinary: https://res.cloudinary.com/natemoshhh/image/upload/v1755807918/quote-builder/661dee8b46a8b1c3de396ac464098b56.jpg
[2025-08-21T20:25:49.074Z] Processing: /library/modules/upload/files/quote_product/427/82fe2bf4118717b820ea071d4c860ba5.jpg
[2025-08-21T20:25:49.463Z]   ✓ Downloaded (20271 bytes)
[2025-08-21T20:25:49.893Z]   ✓ Uploaded to Cloudinary: https://res.cloudinary.com/natemoshhh/image/upload/v1755807949/quote-builder/82fe2bf4118717b820ea071d4c860ba5.jpg
[2025-08-21T20:25:49.994Z] Processing: /library/modules/upload/files/quote_product/428/a8ed1426afa1daade321a31a8bc4bb34.jpg
[2025-08-21T20:25:50.099Z]   ✓ Downloaded (20450 bytes)
[2025-08-21T20:25:50.627Z]   ✓ Uploaded to Cloudinary: https://res.cloudinary.com/natemoshhh/image/upload/v1755807950/quote-builder/a8ed1426afa1daade321a31a8bc4bb34.jpg
[2025-08-21T20:25:50.727Z] Processing: /library/modules/upload/files/quote_product/429/0b9f39f3c2ff50faf289ed6243350555.jpg
[2025-08-21T20:25:50.830Z]   ✓ Downloaded (20268 bytes)
[2025-08-21T20:25:58.058Z]   ✓ Uploaded to Cloudinary: https://res.cloudinary.com/natemoshhh/image/upload/v1755807953/quote-builder/0b9f39f3c2ff50faf289ed6243350555.jpg
[2025-08-21T20:25:58.159Z] Processing: /library/modules/upload/files/quote_product/430/88fa2e9001bbe37f0f5cfbd4686b954b.jpg
[2025-08-21T20:25:58.559Z]   ✓ Downloaded (23848 bytes)
[2025-08-21T20:25:59.156Z]   ✓ Uploaded to Cloudinary: https://res.cloudinary.com/natemoshhh/image/upload/v1755807958/quote-builder/88fa2e9001bbe37f0f5cfbd4686b954b.jpg
[2025-08-21T20:25:59.257Z] Processing: /library/modules/upload/files/quote_product/431/3a9a3ee0631d20af4c98c0071ce2dc9e.jpg
[2025-08-21T20:25:59.362Z]   ✓ Downloaded (23093 bytes)
[2025-08-21T20:25:59.803Z]   ✓ Uploaded to Cloudinary: https://res.cloudinary.com/natemoshhh/image/upload/v1755807959/quote-builder/3a9a3ee0631d20af4c98c0071ce2dc9e.jpg
[2025-08-21T20:25:59.904Z] Processing: /library/modules/upload/files/quote_product/432/546a67706c3dc37f591dcdbce3a9305b.jpg
[2025-08-21T20:26:00.028Z]   ✓ Downloaded (23283 bytes)
[2025-08-21T20:26:00.564Z]   ✓ Uploaded to Cloudinary: https://res.cloudinary.com/natemoshhh/image/upload/v1755807960/quote-builder/546a67706c3dc37f591dcdbce3a9305b.jpg
[2025-08-21T20:26:00.666Z] Processing: /library/modules/upload/files/quote_product/433/87984807ad2225a973216c2058e27323.jpg
[2025-08-21T20:26:00.770Z]   ✓ Downloaded (23134 bytes)
[2025-08-21T20:26:01.346Z]   ✓ Uploaded to Cloudinary: https://res.cloudinary.com/natemoshhh/image/upload/v1755807961/quote-builder/87984807ad2225a973216c2058e27323.jpg
[2025-08-21T20:26:01.447Z] Processing: /library/modules/upload/files/quote_product/435/4847fd65b4185841040c082734711575.jpg
[2025-08-21T20:26:01.558Z]   ✓ Downloaded (23272 bytes)
[2025-08-21T20:26:01.945Z]   ✓ Uploaded to Cloudinary: https://res.cloudinary.com/natemoshhh/image/upload/v1755807961/quote-builder/4847fd65b4185841040c082734711575.jpg
[2025-08-21T20:26:02.045Z] Processing: /library/modules/upload/files/quote_product/436/3b1b6e5a8d3e0621dbdd3f1043f4c19b.jpg
[2025-08-21T20:26:02.152Z]   ✓ Downloaded (23111 bytes)
[2025-08-21T20:26:02.641Z]   ✓ Uploaded to Cloudinary: https://res.cloudinary.com/natemoshhh/image/upload/v1755807962/quote-builder/3b1b6e5a8d3e0621dbdd3f1043f4c19b.jpg
[2025-08-21T20:26:02.741Z] Processing: /library/modules/upload/files/quote_product/91/6c1bb45d7e8838d7f1a072262329cdfb.jpg
[2025-08-21T20:26:02.847Z]   ✓ Downloaded (7030 bytes)
[2025-08-21T20:26:03.293Z]   ✓ Uploaded to Cloudinary: https://res.cloudinary.com/natemoshhh/image/upload/v1755807963/quote-builder/6c1bb45d7e8838d7f1a072262329cdfb.jpg
[2025-08-21T20:26:03.393Z] Processing: /library/modules/upload/files/quote_product/92/4a2ee8efb32b3dd7206e4036e66b627e.jpg
[2025-08-21T20:26:03.500Z]   ✓ Downloaded (9646 bytes)
[2025-08-21T20:26:04.137Z]   ✓ Uploaded to Cloudinary: https://res.cloudinary.com/natemoshhh/image/upload/v1755807963/quote-builder/4a2ee8efb32b3dd7206e4036e66b627e.jpg
[2025-08-21T20:26:04.237Z] Processing: /library/modules/upload/files/quote_product/93/ff014900519917d1d3bca919d79dfdb6.jpg
[2025-08-21T20:26:04.342Z]   ✓ Downloaded (8834 bytes)
[2025-08-21T20:26:04.695Z]   ✓ Uploaded to Cloudinary: https://res.cloudinary.com/natemoshhh/image/upload/v1755807964/quote-builder/ff014900519917d1d3bca919d79dfdb6.jpg
[2025-08-21T20:26:04.796Z] Processing: /library/modules/upload/files/quote_product/94/526f318add543a2cedad55ed2256ea5a.jpg
[2025-08-21T20:26:04.901Z]   ✓ Downloaded (7030 bytes)
[2025-08-21T20:26:05.316Z]   ✓ Uploaded to Cloudinary: https://res.cloudinary.com/natemoshhh/image/upload/v1755807965/quote-builder/526f318add543a2cedad55ed2256ea5a.jpg
[2025-08-21T20:26:05.417Z] Processing: /library/modules/upload/files/quote_product/95/8542cd2e59b8eb2f6453e9a0d78a5bb1.jpg
[2025-08-21T20:26:05.524Z]   ✓ Downloaded (7321 bytes)
[2025-08-21T20:26:06.085Z]   ✓ Uploaded to Cloudinary: https://res.cloudinary.com/natemoshhh/image/upload/v1755807965/quote-builder/8542cd2e59b8eb2f6453e9a0d78a5bb1.jpg
[2025-08-21T20:26:06.187Z] Processing: /library/modules/upload/files/quote_product/96/1073511724e3b899e050e56cfa6078d8.jpg
[2025-08-21T20:26:06.297Z]   ✓ Downloaded (7656 bytes)
[2025-08-21T20:26:06.721Z]   ✓ Uploaded to Cloudinary: https://res.cloudinary.com/natemoshhh/image/upload/v1755807966/quote-builder/1073511724e3b899e050e56cfa6078d8.jpg
[2025-08-21T20:26:06.821Z] Processing: /library/modules/upload/files/quote_product/97/79781904cfd65da64dab531bca9a53e6.jpg
[2025-08-21T20:26:06.928Z]   ✓ Downloaded (7494 bytes)
[2025-08-21T20:26:07.384Z]   ✓ Uploaded to Cloudinary: https://res.cloudinary.com/natemoshhh/image/upload/v1755807967/quote-builder/79781904cfd65da64dab531bca9a53e6.jpg
[2025-08-21T20:26:07.486Z] Processing: /library/modules/upload/files/quote_product/98/8e96d8614623cf0ca71bdd563a5dccc3.jpg
[2025-08-21T20:26:07.590Z]   ✓ Downloaded (4760 bytes)
[2025-08-21T20:26:08.031Z]   ✓ Uploaded to Cloudinary: https://res.cloudinary.com/natemoshhh/image/upload/v1755807967/quote-builder/8e96d8614623cf0ca71bdd563a5dccc3.jpg
[2025-08-21T20:26:08.131Z] Processing: /library/modules/upload/files/quote_product/99/1678239a7a3a81e78b32832cd8bf3450.jpg
[2025-08-21T20:26:08.235Z]   ✓ Downloaded (7383 bytes)
[2025-08-21T20:26:08.647Z]   ✓ Uploaded to Cloudinary: https://res.cloudinary.com/natemoshhh/image/upload/v1755807968/quote-builder/1678239a7a3a81e78b32832cd8bf3450.jpg
[2025-08-21T20:26:08.749Z] Processing: /library/modules/upload/files/quote_product/100/6ba2334729c705e4b65411b9ca329a42.jpg
[2025-08-21T20:26:08.854Z]   ✓ Downloaded (7368 bytes)
[2025-08-21T20:26:09.432Z]   ✓ Uploaded to Cloudinary: https://res.cloudinary.com/natemoshhh/image/upload/v1755807969/quote-builder/6ba2334729c705e4b65411b9ca329a42.jpg
[2025-08-21T20:26:09.532Z] Processing: /library/modules/upload/files/quote_product/101/274242bb961d308da842fee35a190a9a.jpg
[2025-08-21T20:26:09.636Z]   ✓ Downloaded (7899 bytes)
[2025-08-21T20:26:10.537Z]   ✓ Uploaded to Cloudinary: https://res.cloudinary.com/natemoshhh/image/upload/v1755807969/quote-builder/274242bb961d308da842fee35a190a9a.jpg
[2025-08-21T20:26:10.638Z] Processing: /library/modules/upload/files/quote_product/102/f138b7061492f1e2202e194c542536f1.jpg
[2025-08-21T20:26:10.744Z]   ✓ Downloaded (8566 bytes)
[2025-08-21T20:26:11.151Z]   ✓ Uploaded to Cloudinary: https://res.cloudinary.com/natemoshhh/image/upload/v1755807970/quote-builder/f138b7061492f1e2202e194c542536f1.jpg
[2025-08-21T20:26:11.251Z] Processing: /library/modules/upload/files/quote_product/103/3a08c5a9b54a07e4a9cbd3136225c982.jpg
[2025-08-21T20:26:11.356Z]   ✓ Downloaded (8597 bytes)
[2025-08-21T20:26:11.869Z]   ✓ Uploaded to Cloudinary: https://res.cloudinary.com/natemoshhh/image/upload/v1755807971/quote-builder/3a08c5a9b54a07e4a9cbd3136225c982.jpg
[2025-08-21T20:26:11.969Z] Processing: /library/modules/upload/files/quote_product/104/191263fc339acf0dfea065beb168a434.jpg
[2025-08-21T20:26:12.076Z]   ✓ Downloaded (8995 bytes)
[2025-08-21T20:26:12.551Z]   ✓ Uploaded to Cloudinary: https://res.cloudinary.com/natemoshhh/image/upload/v1755807972/quote-builder/191263fc339acf0dfea065beb168a434.jpg
[2025-08-21T20:26:12.652Z] Processing: /library/modules/upload/files/quote_product/105/26deb3ca82507badead26fd4e16ab979.jpg
[2025-08-21T20:26:12.761Z]   ✓ Downloaded (32428 bytes)
[2025-08-21T20:26:13.233Z]   ✓ Uploaded to Cloudinary: https://res.cloudinary.com/natemoshhh/image/upload/v1755807973/quote-builder/26deb3ca82507badead26fd4e16ab979.jpg
[2025-08-21T20:26:13.334Z] Processing: /library/modules/upload/files/quote_product/523/052de21622de5513500155043c56487f.jpg
[2025-08-21T20:26:13.440Z]   ✓ Downloaded (30283 bytes)
[2025-08-21T20:26:15.377Z]   ✓ Uploaded to Cloudinary: https://res.cloudinary.com/natemoshhh/image/upload/v1755807974/quote-builder/052de21622de5513500155043c56487f.jpg
[2025-08-21T20:26:15.478Z] Processing: /library/modules/upload/files/quote_product/106/cf2cadd4e00f8affb821c680381ab731.jpg
[2025-08-21T20:26:15.583Z]   ✓ Downloaded (7030 bytes)
[2025-08-21T20:26:16.065Z]   ✓ Uploaded to Cloudinary: https://res.cloudinary.com/natemoshhh/image/upload/v1755807975/quote-builder/cf2cadd4e00f8affb821c680381ab731.jpg
[2025-08-21T20:26:16.165Z] Processing: /library/modules/upload/files/quote_product/107/1be0f2dc8247c616ae485d071c84ce24.jpg
[2025-08-21T20:26:16.270Z]   ✓ Downloaded (7474 bytes)
[2025-08-21T20:26:16.647Z]   ✓ Uploaded to Cloudinary: https://res.cloudinary.com/natemoshhh/image/upload/v1755807976/quote-builder/1be0f2dc8247c616ae485d071c84ce24.jpg
[2025-08-21T20:26:16.747Z] Processing: /library/modules/upload/files/quote_product/108/6d2aa4e45ba85cbec9e7964c002e6bbd.jpg
[2025-08-21T20:26:16.852Z]   ✓ Downloaded (7822 bytes)
[2025-08-21T20:26:18.631Z]   ✓ Uploaded to Cloudinary: https://res.cloudinary.com/natemoshhh/image/upload/v1755807977/quote-builder/6d2aa4e45ba85cbec9e7964c002e6bbd.jpg
[2025-08-21T20:26:18.732Z] Processing: /library/modules/upload/files/quote_product/109/15fd9ef76daf282c34ac99f490e16e16.jpg
[2025-08-21T20:26:18.839Z]   ✓ Downloaded (8772 bytes)
[2025-08-21T20:26:19.468Z]   ✓ Uploaded to Cloudinary: https://res.cloudinary.com/natemoshhh/image/upload/v1755807979/quote-builder/15fd9ef76daf282c34ac99f490e16e16.jpg
[2025-08-21T20:26:19.570Z] Processing: /library/modules/upload/files/quote_product/110/86a807912227860b4bb0ffc754c65440.jpg
[2025-08-21T20:26:19.676Z]   ✓ Downloaded (8871 bytes)
[2025-08-21T20:26:20.232Z]   ✓ Uploaded to Cloudinary: https://res.cloudinary.com/natemoshhh/image/upload/v1755807979/quote-builder/86a807912227860b4bb0ffc754c65440.jpg
[2025-08-21T20:26:20.333Z] Processing: /library/modules/upload/files/quote_product/111/ce70b5e9963625efda469c0fa9c4b3ae.jpg
[2025-08-21T20:26:20.437Z]   ✓ Downloaded (11168 bytes)
[2025-08-21T20:26:21.097Z]   ✓ Uploaded to Cloudinary: https://res.cloudinary.com/natemoshhh/image/upload/v1755807980/quote-builder/ce70b5e9963625efda469c0fa9c4b3ae.jpg
[2025-08-21T20:26:21.198Z] Processing: /library/modules/upload/files/quote_product/462/6e65b100c05d8ae2cc761c75902a6fd3.jpg
[2025-08-21T20:26:21.304Z]   ✓ Downloaded (8173 bytes)
[2025-08-21T20:26:21.686Z]   ✓ Uploaded to Cloudinary: https://res.cloudinary.com/natemoshhh/image/upload/v1755807981/quote-builder/6e65b100c05d8ae2cc761c75902a6fd3.jpg
[2025-08-21T20:26:21.787Z] Processing: /library/modules/upload/files/quote_product/120/91ab91ba5c40eb2017ade2610c5a6c24.jpg
[2025-08-21T20:26:21.895Z]   ✓ Downloaded (10170 bytes)
[2025-08-21T20:26:22.250Z]   ✓ Uploaded to Cloudinary: https://res.cloudinary.com/natemoshhh/image/upload/v1755807982/quote-builder/91ab91ba5c40eb2017ade2610c5a6c24.jpg
[2025-08-21T20:26:22.350Z] Processing: /library/modules/upload/files/quote_product/121/83c10550942cb82b60d1345a6449c834.jpg
[2025-08-21T20:26:22.454Z]   ✓ Downloaded (8098 bytes)
[2025-08-21T20:26:23.229Z]   ✓ Uploaded to Cloudinary: https://res.cloudinary.com/natemoshhh/image/upload/v1755807982/quote-builder/83c10550942cb82b60d1345a6449c834.jpg
[2025-08-21T20:26:23.330Z] Processing: /library/modules/upload/files/quote_product/122/9cc51f05b03485a4850ec96269d521d4.jpg
[2025-08-21T20:26:23.434Z]   ✓ Downloaded (24430 bytes)
[2025-08-21T20:26:24.756Z]   ✓ Uploaded to Cloudinary: https://res.cloudinary.com/natemoshhh/image/upload/v1755807984/quote-builder/9cc51f05b03485a4850ec96269d521d4.jpg
[2025-08-21T20:26:24.857Z] Processing: /library/modules/upload/files/quote_product/123/0e91082c0d4bc1fcbf3f989eeb468207.jpg
[2025-08-21T20:26:24.962Z]   ✓ Downloaded (28449 bytes)
[2025-08-21T20:26:25.403Z]   ✓ Uploaded to Cloudinary: https://res.cloudinary.com/natemoshhh/image/upload/v1755807985/quote-builder/0e91082c0d4bc1fcbf3f989eeb468207.jpg
[2025-08-21T20:26:25.504Z] Processing: /library/modules/upload/files/quote_product/126/4f9dd40901dfae70e2795b5c4127c33c.jpg
[2025-08-21T20:26:25.608Z]   ✓ Downloaded (10671 bytes)
[2025-08-21T20:26:26.202Z]   ✓ Uploaded to Cloudinary: https://res.cloudinary.com/natemoshhh/image/upload/v1755807985/quote-builder/4f9dd40901dfae70e2795b5c4127c33c.jpg
[2025-08-21T20:26:26.304Z] Processing: /library/modules/upload/files/quote_product/127/c53614ed74f0692cd636fc1f46cfb21d.jpg
[2025-08-21T20:26:26.412Z]   ✓ Downloaded (10879 bytes)
[2025-08-21T20:26:26.904Z]   ✓ Uploaded to Cloudinary: https://res.cloudinary.com/natemoshhh/image/upload/v1755807986/quote-builder/c53614ed74f0692cd636fc1f46cfb21d.jpg
[2025-08-21T20:26:27.005Z] Processing: /library/modules/upload/files/quote_product/128/8a9f38114b06b88c498e1ed2052c18af.jpg
[2025-08-21T20:26:27.115Z]   ✓ Downloaded (12948 bytes)
[2025-08-21T20:26:27.703Z]   ✓ Uploaded to Cloudinary: https://res.cloudinary.com/natemoshhh/image/upload/v1755807987/quote-builder/8a9f38114b06b88c498e1ed2052c18af.jpg
[2025-08-21T20:26:27.804Z] Processing: /library/modules/upload/files/quote_product/129/692e47fa1cf7525359485c043b423566.jpg
[2025-08-21T20:26:27.908Z]   ✓ Downloaded (11963 bytes)
[2025-08-21T20:26:28.318Z]   ✓ Uploaded to Cloudinary: https://res.cloudinary.com/natemoshhh/image/upload/v1755807988/quote-builder/692e47fa1cf7525359485c043b423566.jpg
[2025-08-21T20:26:28.418Z] Processing: /library/modules/upload/files/quote_product/131/3b9998b1b17b45811694d6e53c6bc828.jpg
[2025-08-21T20:26:28.524Z]   ✓ Downloaded (8954 bytes)
[2025-08-21T20:26:29.236Z]   ✓ Uploaded to Cloudinary: https://res.cloudinary.com/natemoshhh/image/upload/v1755807988/quote-builder/3b9998b1b17b45811694d6e53c6bc828.jpg
[2025-08-21T20:26:29.338Z] Processing: /library/modules/upload/files/quote_product/132/a9931d51fca8bb8131b9f1befb93175c.jpg
[2025-08-21T20:26:29.443Z]   ✓ Downloaded (10308 bytes)
[2025-08-21T20:26:30.034Z]   ✓ Uploaded to Cloudinary: https://res.cloudinary.com/natemoshhh/image/upload/v1755807989/quote-builder/a9931d51fca8bb8131b9f1befb93175c.jpg
[2025-08-21T20:26:30.136Z] Processing: /library/modules/upload/files/quote_product/437/e4f4b531eb7b0f12012eeb24f1423331.jpg
[2025-08-21T20:26:30.240Z]   ✓ Downloaded (9789 bytes)
[2025-08-21T20:26:30.758Z]   ✓ Uploaded to Cloudinary: https://res.cloudinary.com/natemoshhh/image/upload/v1755807990/quote-builder/e4f4b531eb7b0f12012eeb24f1423331.jpg
[2025-08-21T20:26:30.860Z] Processing: /library/modules/upload/files/quote_product/438/6cd3385e65c7178588fe58bf6d5132d9.jpg
[2025-08-21T20:26:30.967Z]   ✓ Downloaded (9840 bytes)
[2025-08-21T20:26:31.630Z]   ✓ Uploaded to Cloudinary: https://res.cloudinary.com/natemoshhh/image/upload/v1755807991/quote-builder/6cd3385e65c7178588fe58bf6d5132d9.jpg
[2025-08-21T20:26:31.731Z] Processing: /library/modules/upload/files/quote_product/439/dc895785d6a51d98382e63cf1fe20087.jpg
[2025-08-21T20:26:31.836Z]   ✓ Downloaded (10967 bytes)
[2025-08-21T20:26:32.354Z]   ✓ Uploaded to Cloudinary: https://res.cloudinary.com/natemoshhh/image/upload/v1755807992/quote-builder/dc895785d6a51d98382e63cf1fe20087.jpg
[2025-08-21T20:26:32.455Z] Processing: /library/modules/upload/files/quote_product/136/e7ce8470581963d5d88a99389f82367d.jpg
[2025-08-21T20:26:32.564Z]   ✓ Downloaded (15829 bytes)
[2025-08-21T20:26:33.425Z]   ✓ Uploaded to Cloudinary: https://res.cloudinary.com/natemoshhh/image/upload/v1755807992/quote-builder/e7ce8470581963d5d88a99389f82367d.jpg
[2025-08-21T20:26:33.527Z] Processing: /library/modules/upload/files/quote_product/137/ff63bf18f3da5d5f8374aabef67018c4.jpg
[2025-08-21T20:26:33.633Z]   ✓ Downloaded (15728 bytes)
[2025-08-21T20:26:34.247Z]   ✓ Uploaded to Cloudinary: https://res.cloudinary.com/natemoshhh/image/upload/v1755807993/quote-builder/ff63bf18f3da5d5f8374aabef67018c4.jpg
[2025-08-21T20:26:34.348Z] Processing: /library/modules/upload/files/quote_product/138/5ac4a66a8bc73de1c86ecab15c3b589f.jpg
[2025-08-21T20:26:34.453Z]   ✓ Downloaded (8933 bytes)
[2025-08-21T20:26:35.240Z]   ✓ Uploaded to Cloudinary: https://res.cloudinary.com/natemoshhh/image/upload/v1755807994/quote-builder/5ac4a66a8bc73de1c86ecab15c3b589f.jpg
[2025-08-21T20:26:35.342Z] Processing: /library/modules/upload/files/quote_product/139/d8f18d4475a861200cdd690b1e33ced9.jpg
[2025-08-21T20:26:35.447Z]   ✓ Downloaded (8936 bytes)
[2025-08-21T20:26:36.111Z]   ✓ Uploaded to Cloudinary: https://res.cloudinary.com/natemoshhh/image/upload/v1755807995/quote-builder/d8f18d4475a861200cdd690b1e33ced9.jpg
[2025-08-21T20:26:36.213Z] Processing: /library/modules/upload/files/quote_product/140/2f35417024a22a1a895c111f276de68a.jpg
[2025-08-21T20:26:36.317Z]   ✓ Downloaded (8814 bytes)
[2025-08-21T20:26:37.016Z]   ✓ Uploaded to Cloudinary: https://res.cloudinary.com/natemoshhh/image/upload/v1755807996/quote-builder/2f35417024a22a1a895c111f276de68a.jpg
[2025-08-21T20:26:37.118Z] Processing: /library/modules/upload/files/quote_product/141/84c271334b58cce261479e33c8cf632f.jpg
[2025-08-21T20:26:37.222Z]   ✓ Downloaded (8842 bytes)
[2025-08-21T20:26:37.574Z]   ✓ Uploaded to Cloudinary: https://res.cloudinary.com/natemoshhh/image/upload/v1755807997/quote-builder/84c271334b58cce261479e33c8cf632f.jpg
[2025-08-21T20:26:37.676Z] Processing: /library/modules/upload/files/quote_product/142/9d9de7c36fea00564de7aed3a70a3d95.jpg
[2025-08-21T20:26:37.780Z]   ✓ Downloaded (8993 bytes)
[2025-08-21T20:26:38.203Z]   ✓ Uploaded to Cloudinary: https://res.cloudinary.com/natemoshhh/image/upload/v1755807998/quote-builder/9d9de7c36fea00564de7aed3a70a3d95.jpg
[2025-08-21T20:26:38.304Z] Processing: /library/modules/upload/files/quote_product/144/5a24b34fd39c79d00becd4a4403fb6d1.jpg
[2025-08-21T20:26:38.410Z]   ✓ Downloaded (9939 bytes)
[2025-08-21T20:26:38.792Z]   ✓ Uploaded to Cloudinary: https://res.cloudinary.com/natemoshhh/image/upload/v1755807998/quote-builder/5a24b34fd39c79d00becd4a4403fb6d1.jpg
[2025-08-21T20:26:38.893Z] Processing: /library/modules/upload/files/quote_product/145/d64dac43265a4e35cd3bc49442b701fa.jpg
[2025-08-21T20:26:38.997Z]   ✓ Downloaded (10178 bytes)
[2025-08-21T20:26:39.522Z]   ✓ Uploaded to Cloudinary: https://res.cloudinary.com/natemoshhh/image/upload/v1755807999/quote-builder/d64dac43265a4e35cd3bc49442b701fa.jpg
[2025-08-21T20:26:39.623Z] Processing: /library/modules/upload/files/quote_product/361/4d19783e1ef6cd58b4d4c1031d8be858.jpg
[2025-08-21T20:26:39.730Z]   ✓ Downloaded (14924 bytes)
[2025-08-21T20:26:40.220Z]   ✓ Uploaded to Cloudinary: https://res.cloudinary.com/natemoshhh/image/upload/v1755807999/quote-builder/4d19783e1ef6cd58b4d4c1031d8be858.jpg
[2025-08-21T20:26:40.322Z] Processing: /library/modules/upload/files/quote_product/362/7f55d396ee6ae0eebda3a9be88c19ed8.jpg
[2025-08-21T20:26:40.426Z]   ✓ Downloaded (13673 bytes)
[2025-08-21T20:26:41.034Z]   ✓ Uploaded to Cloudinary: https://res.cloudinary.com/natemoshhh/image/upload/v1755808000/quote-builder/7f55d396ee6ae0eebda3a9be88c19ed8.jpg
[2025-08-21T20:26:41.136Z] Processing: /library/modules/upload/files/quote_product/363/7b30d2d7747f6a9b8b97d62a7f29be55.jpg
[2025-08-21T20:26:41.240Z]   ✓ Downloaded (15111 bytes)
[2025-08-21T20:26:41.623Z]   ✓ Uploaded to Cloudinary: https://res.cloudinary.com/natemoshhh/image/upload/v1755808001/quote-builder/7b30d2d7747f6a9b8b97d62a7f29be55.jpg
[2025-08-21T20:26:41.724Z] Processing: /library/modules/upload/files/quote_product/364/8e758bb4662a0ab3d66b5c91cd6f804b.jpg
[2025-08-21T20:26:41.829Z]   ✓ Downloaded (22127 bytes)
[2025-08-21T20:26:42.972Z]   ✓ Uploaded to Cloudinary: https://res.cloudinary.com/natemoshhh/image/upload/v1755808002/quote-builder/8e758bb4662a0ab3d66b5c91cd6f804b.jpg
[2025-08-21T20:26:43.073Z] Processing: /library/modules/upload/files/quote_product/365/29d64eac041d402b9f2287638b1d4512.jpg
[2025-08-21T20:26:43.178Z]   ✓ Downloaded (12202 bytes)
[2025-08-21T20:26:43.659Z]   ✓ Uploaded to Cloudinary: https://res.cloudinary.com/natemoshhh/image/upload/v1755808003/quote-builder/29d64eac041d402b9f2287638b1d4512.jpg
[2025-08-21T20:26:43.760Z] Processing: /library/modules/upload/files/quote_product/366/4624aedbfec10f3fa7272bb3f607ad6b.jpg
[2025-08-21T20:26:43.865Z]   ✓ Downloaded (16212 bytes)
[2025-08-21T20:26:44.655Z]   ✓ Uploaded to Cloudinary: https://res.cloudinary.com/natemoshhh/image/upload/v1755808004/quote-builder/4624aedbfec10f3fa7272bb3f607ad6b.jpg
[2025-08-21T20:26:44.756Z] Processing: /library/modules/upload/files/quote_product/367/7f6d5204f7f7c6ee143fab02d6d36b29.jpg
[2025-08-21T20:26:44.861Z]   ✓ Downloaded (16496 bytes)
[2025-08-21T20:26:45.280Z]   ✓ Uploaded to Cloudinary: https://res.cloudinary.com/natemoshhh/image/upload/v1755808005/quote-builder/7f6d5204f7f7c6ee143fab02d6d36b29.jpg
[2025-08-21T20:26:45.381Z] Processing: /library/modules/upload/files/quote_product/368/5f91de9fdb9c05f98cad897b620ae0bb.jpg
[2025-08-21T20:26:45.486Z]   ✓ Downloaded (8475 bytes)
[2025-08-21T20:26:45.906Z]   ✓ Uploaded to Cloudinary: https://res.cloudinary.com/natemoshhh/image/upload/v1755808005/quote-builder/5f91de9fdb9c05f98cad897b620ae0bb.jpg
[2025-08-21T20:26:46.007Z] Processing: /library/modules/upload/files/quote_product/369/5009041248c84e9b85d7c54515d69ead.jpg
[2025-08-21T20:26:46.111Z]   ✓ Downloaded (10706 bytes)
[2025-08-21T20:26:46.681Z]   ✓ Uploaded to Cloudinary: https://res.cloudinary.com/natemoshhh/image/upload/v1755808006/quote-builder/5009041248c84e9b85d7c54515d69ead.jpg
[2025-08-21T20:26:46.782Z] Processing: /library/modules/upload/files/quote_product/370/7b8b287ff619236db4aa2fa70a648f12.jpg
[2025-08-21T20:26:46.887Z]   ✓ Downloaded (9027 bytes)
[2025-08-21T20:26:47.295Z]   ✓ Uploaded to Cloudinary: https://res.cloudinary.com/natemoshhh/image/upload/v1755808007/quote-builder/7b8b287ff619236db4aa2fa70a648f12.jpg
[2025-08-21T20:26:47.397Z] Processing: /library/modules/upload/files/quote_product/371/2d657ce4638b4c4dff457faed1df2450.png
[2025-08-21T20:26:47.509Z]   ✓ Downloaded (41929 bytes)
[2025-08-21T20:26:47.921Z]   ✓ Uploaded to Cloudinary: https://res.cloudinary.com/natemoshhh/image/upload/v1755808007/quote-builder/2d657ce4638b4c4dff457faed1df2450.png
[2025-08-21T20:26:48.021Z] Processing: /library/modules/upload/files/quote_product/452/473d05edbb3f46311e391c281e428460.jpg
[2025-08-21T20:26:48.126Z]   ✓ Downloaded (7396 bytes)
[2025-08-21T20:26:48.687Z]   ✓ Uploaded to Cloudinary: https://res.cloudinary.com/natemoshhh/image/upload/v1755808008/quote-builder/473d05edbb3f46311e391c281e428460.jpg
[2025-08-21T20:26:48.789Z] Processing: /library/modules/upload/files/quote_product/500/4717871975f186e83a524149dfab0da5.jpg
[2025-08-21T20:26:48.895Z]   ✓ Downloaded (19807 bytes)
[2025-08-21T20:26:49.408Z]   ✓ Uploaded to Cloudinary: https://res.cloudinary.com/natemoshhh/image/upload/v1755808009/quote-builder/4717871975f186e83a524149dfab0da5.jpg
[2025-08-21T20:26:49.509Z] Processing: /library/modules/upload/files/quote_product/372/45f7ddb3f2194ca38072ba8a7a59b2aa.jpg
[2025-08-21T20:26:49.614Z]   ✓ Downloaded (8675 bytes)
[2025-08-21T20:26:50.032Z]   ✓ Uploaded to Cloudinary: https://res.cloudinary.com/natemoshhh/image/upload/v1755808009/quote-builder/45f7ddb3f2194ca38072ba8a7a59b2aa.jpg
[2025-08-21T20:26:50.133Z] Processing: /library/modules/upload/files/quote_product/373/847a2a9fe8e0c0bcfad836add3059e69.jpg
[2025-08-21T20:26:50.239Z]   ✓ Downloaded (8404 bytes)
[2025-08-21T20:26:50.700Z]   ✓ Uploaded to Cloudinary: https://res.cloudinary.com/natemoshhh/image/upload/v1755808010/quote-builder/847a2a9fe8e0c0bcfad836add3059e69.jpg
[2025-08-21T20:26:50.802Z] Processing: /library/modules/upload/files/quote_product/374/082e8bf46ee568fdbce395809cbf8ed2.jpg
[2025-08-21T20:26:50.908Z]   ✓ Downloaded (8404 bytes)
[2025-08-21T20:26:51.331Z]   ✓ Uploaded to Cloudinary: https://res.cloudinary.com/natemoshhh/image/upload/v1755808011/quote-builder/082e8bf46ee568fdbce395809cbf8ed2.jpg
[2025-08-21T20:26:51.432Z] Processing: /library/modules/upload/files/quote_product/375/22b943c108bcb46e72ed908784528867.jpg
[2025-08-21T20:26:51.536Z]   ✓ Downloaded (7520 bytes)
[2025-08-21T20:26:52.936Z]   ✓ Uploaded to Cloudinary: https://res.cloudinary.com/natemoshhh/image/upload/v1755808011/quote-builder/22b943c108bcb46e72ed908784528867.jpg
[2025-08-21T20:26:53.038Z] Processing: /library/modules/upload/files/quote_product/376/33921d9f1122e89df12b7d716b65f5df.jpg
[2025-08-21T20:26:53.143Z]   ✓ Downloaded (7829 bytes)
[2025-08-21T20:26:53.516Z]   ✓ Uploaded to Cloudinary: https://res.cloudinary.com/natemoshhh/image/upload/v1755808013/quote-builder/33921d9f1122e89df12b7d716b65f5df.jpg
[2025-08-21T20:26:53.617Z] Processing: /library/modules/upload/files/quote_product/479/651952d50009fd33b37e3aa232b5ce69.jpg
[2025-08-21T20:26:53.721Z]   ✓ Downloaded (11808 bytes)
[2025-08-21T20:26:54.147Z]   ✓ Uploaded to Cloudinary: https://res.cloudinary.com/natemoshhh/image/upload/v1755808013/quote-builder/651952d50009fd33b37e3aa232b5ce69.jpg
[2025-08-21T20:26:54.248Z] Processing: /library/modules/upload/files/quote_product/480/c1aa9f81003921b625afe5986f3c6f26.jpg
[2025-08-21T20:26:54.353Z]   ✓ Downloaded (30298 bytes)
[2025-08-21T20:26:54.804Z]   ✓ Uploaded to Cloudinary: https://res.cloudinary.com/natemoshhh/image/upload/v1755808014/quote-builder/c1aa9f81003921b625afe5986f3c6f26.jpg
[2025-08-21T20:26:54.906Z] Processing: /library/modules/upload/files/quote_product/488/24b7a040a36e512d1bea2e4cfd35ba53.jpg
[2025-08-21T20:26:55.011Z]   ✓ Downloaded (2310 bytes)
[2025-08-21T20:26:55.881Z]   ✓ Uploaded to Cloudinary: https://res.cloudinary.com/natemoshhh/image/upload/v1755808015/quote-builder/24b7a040a36e512d1bea2e4cfd35ba53.jpg
[2025-08-21T20:26:55.982Z] Processing: /library/modules/upload/files/quote_product/489/51b92dbf4ecedc90147e65830c5a6b3c.jpg
[2025-08-21T20:26:56.085Z]   ✓ Downloaded (2362 bytes)
[2025-08-21T20:26:56.532Z]   ✓ Uploaded to Cloudinary: https://res.cloudinary.com/natemoshhh/image/upload/v1755808016/quote-builder/51b92dbf4ecedc90147e65830c5a6b3c.jpg
[2025-08-21T20:26:56.634Z] Processing: /library/modules/upload/files/quote_product/490/dc1cd45d56ec6c13395bd0540ecd1a36.jpg
[2025-08-21T20:26:56.736Z]   ✓ Downloaded (2246 bytes)
[2025-08-21T20:26:57.182Z]   ✓ Uploaded to Cloudinary: https://res.cloudinary.com/natemoshhh/image/upload/v1755808016/quote-builder/dc1cd45d56ec6c13395bd0540ecd1a36.jpg
[2025-08-21T20:26:57.283Z] Processing: /library/modules/upload/files/quote_product/491/166b05c2330ac890ea790300c8c2187d.jpg
[2025-08-21T20:26:57.389Z]   ✓ Downloaded (2296 bytes)
[2025-08-21T20:26:57.875Z]   ✓ Uploaded to Cloudinary: https://res.cloudinary.com/natemoshhh/image/upload/v1755808017/quote-builder/166b05c2330ac890ea790300c8c2187d.jpg
[2025-08-21T20:26:57.976Z] Processing: /library/modules/upload/files/quote_product/492/bf60c10e0b117cacaa5121864f385451.jpg
[2025-08-21T20:26:58.080Z]   ✓ Downloaded (2169 bytes)
[2025-08-21T20:26:58.476Z]   ✓ Uploaded to Cloudinary: https://res.cloudinary.com/natemoshhh/image/upload/v1755808018/quote-builder/bf60c10e0b117cacaa5121864f385451.jpg
[2025-08-21T20:26:58.577Z] Processing: /library/modules/upload/files/quote_product/493/886d7d6b949b9aa6e18ac9a47037fbd7.jpg
[2025-08-21T20:26:58.681Z]   ✓ Downloaded (2084 bytes)
[2025-08-21T20:26:59.065Z]   ✓ Uploaded to Cloudinary: https://res.cloudinary.com/natemoshhh/image/upload/v1755808018/quote-builder/886d7d6b949b9aa6e18ac9a47037fbd7.jpg
[2025-08-21T20:26:59.167Z] Processing: /library/modules/upload/files/quote_product/377/855e8308d0d082a44e19b3ab93b0140e.jpg
[2025-08-21T20:26:59.272Z]   ✓ Downloaded (14176 bytes)
[2025-08-21T20:26:59.743Z]   ✓ Uploaded to Cloudinary: https://res.cloudinary.com/natemoshhh/image/upload/v1755808019/quote-builder/855e8308d0d082a44e19b3ab93b0140e.jpg
[2025-08-21T20:26:59.844Z] Processing: /library/modules/upload/files/quote_product/378/3660b629f39498f5f5eac021858a98d0.jpg
[2025-08-21T20:26:59.966Z]   ✓ Downloaded (11086 bytes)
[2025-08-21T20:27:00.367Z]   ✓ Uploaded to Cloudinary: https://res.cloudinary.com/natemoshhh/image/upload/v1755808020/quote-builder/3660b629f39498f5f5eac021858a98d0.jpg
[2025-08-21T20:27:00.468Z] Processing: /library/modules/upload/files/quote_product/379/ad6f239e3637f93b4759d1c4b4485f60.jpg
[2025-08-21T20:27:00.575Z]   ✓ Downloaded (14176 bytes)
[2025-08-21T20:27:01.286Z]   ✓ Uploaded to Cloudinary: https://res.cloudinary.com/natemoshhh/image/upload/v1755808020/quote-builder/ad6f239e3637f93b4759d1c4b4485f60.jpg
[2025-08-21T20:27:01.387Z] Processing: /library/modules/upload/files/quote_product/380/11e7758d2367e4a28cbb012df3e7e5b4.jpg
[2025-08-21T20:27:01.495Z]   ✓ Downloaded (10839 bytes)
[2025-08-21T20:27:02.615Z]   ✓ Uploaded to Cloudinary: https://res.cloudinary.com/natemoshhh/image/upload/v1755808022/quote-builder/11e7758d2367e4a28cbb012df3e7e5b4.jpg
[2025-08-21T20:27:02.716Z] Processing: /library/modules/upload/files/quote_product/381/1ab4aa69097058073e8598c071f62c82.jpg
[2025-08-21T20:27:02.821Z]   ✓ Downloaded (3923 bytes)
[2025-08-21T20:27:03.374Z]   ✓ Uploaded to Cloudinary: https://res.cloudinary.com/natemoshhh/image/upload/v1755808023/quote-builder/1ab4aa69097058073e8598c071f62c82.jpg
[2025-08-21T20:27:03.475Z] Processing: /library/modules/upload/files/quote_product/382/2b871d29dad578429bd955e315d31e64.jpg
[2025-08-21T20:27:03.580Z]   ✓ Downloaded (8276 bytes)
[2025-08-21T20:27:04.256Z]   ✓ Uploaded to Cloudinary: https://res.cloudinary.com/natemoshhh/image/upload/v1755808023/quote-builder/2b871d29dad578429bd955e315d31e64.jpg
[2025-08-21T20:27:04.357Z] Processing: /library/modules/upload/files/quote_product/383/713422284c170b5c910374b641449fcf.png
[2025-08-21T20:27:04.461Z]   ✓ Downloaded (15632 bytes)
[2025-08-21T20:27:04.904Z]   ✓ Uploaded to Cloudinary: https://res.cloudinary.com/natemoshhh/image/upload/v1755808024/quote-builder/713422284c170b5c910374b641449fcf.png
[2025-08-21T20:27:05.005Z] Processing: /library/modules/upload/files/quote_product/384/addfcb9fdf017c13e2e8c403d8242cb2.png
[2025-08-21T20:27:05.109Z]   ✓ Downloaded (26058 bytes)
[2025-08-21T20:27:05.658Z]   ✓ Uploaded to Cloudinary: https://res.cloudinary.com/natemoshhh/image/upload/v1755808025/quote-builder/addfcb9fdf017c13e2e8c403d8242cb2.png
[2025-08-21T20:27:05.759Z] Processing: /library/modules/upload/files/quote_product/385/05b03a7d01da8c08d7194b8d5ebbea27.jpg
[2025-08-21T20:27:05.864Z]   ✓ Downloaded (6627 bytes)
[2025-08-21T20:27:06.290Z]   ✓ Uploaded to Cloudinary: https://res.cloudinary.com/natemoshhh/image/upload/v1755808026/quote-builder/05b03a7d01da8c08d7194b8d5ebbea27.jpg
[2025-08-21T20:27:06.392Z] Processing: /library/modules/upload/files/quote_product/386/8fbad61c1148d6c32b8e83e51815a6f4.png
[2025-08-21T20:27:06.497Z]   ✓ Downloaded (24967 bytes)
[2025-08-21T20:27:06.928Z]   ✓ Uploaded to Cloudinary: https://res.cloudinary.com/natemoshhh/image/upload/v1755808026/quote-builder/8fbad61c1148d6c32b8e83e51815a6f4.png
[2025-08-21T20:27:07.029Z] Processing: /library/modules/upload/files/quote_product/485/d94936385bb35f2e942788b505b2a85a.jpg
[2025-08-21T20:27:07.135Z]   ✓ Downloaded (15699 bytes)
[2025-08-21T20:27:07.670Z]   ✓ Uploaded to Cloudinary: https://res.cloudinary.com/natemoshhh/image/upload/v1755808027/quote-builder/d94936385bb35f2e942788b505b2a85a.jpg
[2025-08-21T20:27:07.772Z] Processing: /library/modules/upload/files/quote_product/486/deda522598f6894e3dd50b26681cbfc9.jpg
[2025-08-21T20:27:07.878Z]   ✓ Downloaded (15699 bytes)
[2025-08-21T20:27:08.523Z]   ✓ Uploaded to Cloudinary: https://res.cloudinary.com/natemoshhh/image/upload/v1755808028/quote-builder/deda522598f6894e3dd50b26681cbfc9.jpg
[2025-08-21T20:27:08.623Z] Processing: /library/modules/upload/files/quote_product/487/df78cc1600cd347814e4ae8c65e13037.jpg
[2025-08-21T20:27:08.729Z]   ✓ Downloaded (13367 bytes)
[2025-08-21T20:27:09.406Z]   ✓ Uploaded to Cloudinary: https://res.cloudinary.com/natemoshhh/image/upload/v1755808028/quote-builder/df78cc1600cd347814e4ae8c65e13037.jpg
[2025-08-21T20:27:09.509Z] Processing: /library/modules/upload/files/quote_product/389/f5289d9e88adfc8d2b584cdabf24d645.jpg
[2025-08-21T20:27:09.614Z]   ✓ Downloaded (5086 bytes)
[2025-08-21T20:27:09.983Z]   ✓ Uploaded to Cloudinary: https://res.cloudinary.com/natemoshhh/image/upload/v1755808029/quote-builder/f5289d9e88adfc8d2b584cdabf24d645.jpg
[2025-08-21T20:27:10.085Z] Processing: /library/modules/upload/files/quote_product/390/ed1777195278be206a318357e96cb3ad.jpg
[2025-08-21T20:27:10.191Z]   ✓ Downloaded (5697 bytes)
[2025-08-21T20:27:10.952Z]   ✓ Uploaded to Cloudinary: https://res.cloudinary.com/natemoshhh/image/upload/v1755808030/quote-builder/ed1777195278be206a318357e96cb3ad.jpg
[2025-08-21T20:27:11.054Z] Processing: /library/modules/upload/files/quote_product/391/6b0feda61829cfcc522d25c466611bf5.jpg
[2025-08-21T20:27:11.159Z]   ✓ Downloaded (11703 bytes)
[2025-08-21T20:27:11.669Z]   ✓ Uploaded to Cloudinary: https://res.cloudinary.com/natemoshhh/image/upload/v1755808031/quote-builder/6b0feda61829cfcc522d25c466611bf5.jpg
[2025-08-21T20:27:11.771Z] Processing: /library/modules/upload/files/quote_product/453/2f4a0e50ce8b5820fb62dc1ce1118fb5.jpg
[2025-08-21T20:27:11.875Z]   ✓ Downloaded (7396 bytes)
[2025-08-21T20:27:13.491Z]   ✓ Uploaded to Cloudinary: https://res.cloudinary.com/natemoshhh/image/upload/v1755808032/quote-builder/2f4a0e50ce8b5820fb62dc1ce1118fb5.jpg
[2025-08-21T20:27:13.593Z] Processing: /library/modules/upload/files/quote_product/392/e9d7fd96a6e94cb7202149627f9198b8.jpg
[2025-08-21T20:27:13.752Z]   ✓ Downloaded (4494 bytes)
[2025-08-21T20:27:14.172Z]   ✓ Uploaded to Cloudinary: https://res.cloudinary.com/natemoshhh/image/upload/v1755808033/quote-builder/e9d7fd96a6e94cb7202149627f9198b8.jpg
[2025-08-21T20:27:14.272Z] Processing: /library/modules/upload/files/quote_product/393/434f24d7f83970336f4cd5eda5c500bc.jpg
[2025-08-21T20:27:14.379Z]   ✓ Downloaded (10019 bytes)
[2025-08-21T20:27:15.011Z]   ✓ Uploaded to Cloudinary: https://res.cloudinary.com/natemoshhh/image/upload/v1755808034/quote-builder/434f24d7f83970336f4cd5eda5c500bc.jpg
[2025-08-21T20:27:15.112Z] Processing: /library/modules/upload/files/quote_product/394/15250e29746f63c4b17e8fb231b07d4b.jpg
[2025-08-21T20:27:15.217Z]   ✓ Downloaded (9668 bytes)
[2025-08-21T20:27:15.651Z]   ✓ Uploaded to Cloudinary: https://res.cloudinary.com/natemoshhh/image/upload/v1755808035/quote-builder/15250e29746f63c4b17e8fb231b07d4b.jpg
[2025-08-21T20:27:15.752Z] Processing: /library/modules/upload/files/quote_product/395/5e6e582035c4cca49315db34c68691cc.jpg
[2025-08-21T20:27:15.860Z]   ✓ Downloaded (10669 bytes)
[2025-08-21T20:27:16.402Z]   ✓ Uploaded to Cloudinary: https://res.cloudinary.com/natemoshhh/image/upload/v1755808036/quote-builder/5e6e582035c4cca49315db34c68691cc.jpg
[2025-08-21T20:27:16.501Z] Processing: /library/modules/upload/files/quote_product/396/f9c9400387610a41dd9daf7b39743509.jpg
[2025-08-21T20:27:16.606Z]   ✓ Downloaded (11048 bytes)
[2025-08-21T20:27:17.158Z]   ✓ Uploaded to Cloudinary: https://res.cloudinary.com/natemoshhh/image/upload/v1755808036/quote-builder/f9c9400387610a41dd9daf7b39743509.jpg
[2025-08-21T20:27:17.259Z] Processing: /library/modules/upload/files/quote_product/397/da6789b0f853d09eedefc3949f608b99.jpg
[2025-08-21T20:27:17.363Z]   ✓ Downloaded (5416 bytes)
[2025-08-21T20:27:17.750Z]   ✓ Uploaded to Cloudinary: https://res.cloudinary.com/natemoshhh/image/upload/v1755808037/quote-builder/da6789b0f853d09eedefc3949f608b99.jpg
[2025-08-21T20:27:17.851Z] Processing: /library/modules/upload/files/quote_product/398/863672bd663e3ef90bea3bfdbdc3af35.jpg
[2025-08-21T20:27:17.956Z]   ✓ Downloaded (5949 bytes)
[2025-08-21T20:27:18.560Z]   ✓ Uploaded to Cloudinary: https://res.cloudinary.com/natemoshhh/image/upload/v1755808038/quote-builder/863672bd663e3ef90bea3bfdbdc3af35.jpg
[2025-08-21T20:27:18.661Z] Processing: /library/modules/upload/files/quote_product/399/4b4761104ec904e32c899aea76857658.jpg
[2025-08-21T20:27:18.765Z]   ✓ Downloaded (8498 bytes)
[2025-08-21T20:27:19.242Z]   ✓ Uploaded to Cloudinary: https://res.cloudinary.com/natemoshhh/image/upload/v1755808039/quote-builder/4b4761104ec904e32c899aea76857658.jpg
[2025-08-21T20:27:19.343Z] Processing: /library/modules/upload/files/quote_product/401/51ab891f4afef0acc382bba6d7a82e7a.jpg
[2025-08-21T20:27:19.448Z]   ✓ Downloaded (4859 bytes)
[2025-08-21T20:27:19.847Z]   ✓ Uploaded to Cloudinary: https://res.cloudinary.com/natemoshhh/image/upload/v1755808039/quote-builder/51ab891f4afef0acc382bba6d7a82e7a.jpg
[2025-08-21T20:27:19.948Z] Processing: /library/modules/upload/files/quote_product/402/6cdba7b8c6fda509c1a812a41a806a5c.jpg
[2025-08-21T20:27:20.053Z]   ✓ Downloaded (6315 bytes)
[2025-08-21T20:27:20.572Z]   ✓ Uploaded to Cloudinary: https://res.cloudinary.com/natemoshhh/image/upload/v1755808040/quote-builder/6cdba7b8c6fda509c1a812a41a806a5c.jpg
[2025-08-21T20:27:20.673Z] Processing: /library/modules/upload/files/quote_product/403/53f1ae25399d91971329977a536d744b.jpg
[2025-08-21T20:27:20.779Z]   ✓ Downloaded (8210 bytes)
[2025-08-21T20:27:21.181Z]   ✓ Uploaded to Cloudinary: https://res.cloudinary.com/natemoshhh/image/upload/v1755808041/quote-builder/53f1ae25399d91971329977a536d744b.jpg
[2025-08-21T20:27:21.281Z] Processing: /library/modules/upload/files/quote_product/454/6db54a7475bb938fe99e7327166adc90.jpg
[2025-08-21T20:27:21.386Z]   ✓ Downloaded (7396 bytes)
[2025-08-21T20:27:22.481Z]   ✓ Uploaded to Cloudinary: https://res.cloudinary.com/natemoshhh/image/upload/v1755808041/quote-builder/6db54a7475bb938fe99e7327166adc90.jpg
[2025-08-21T20:27:22.582Z] Processing: /library/modules/upload/files/quote_product/478/4038800750150830f8233cb1ae7beaf4.jpg
[2025-08-21T20:27:22.687Z]   ✓ Downloaded (4316 bytes)
[2025-08-21T20:27:23.080Z]   ✓ Uploaded to Cloudinary: https://res.cloudinary.com/natemoshhh/image/upload/v1755808042/quote-builder/4038800750150830f8233cb1ae7beaf4.jpg
[2025-08-21T20:27:23.181Z] Processing: /library/modules/upload/files/quote_product/404/d84f47872fa329b57a3466e066bbc335.jpg
[2025-08-21T20:27:23.285Z]   ✓ Downloaded (7003 bytes)
[2025-08-21T20:27:23.750Z]   ✓ Uploaded to Cloudinary: https://res.cloudinary.com/natemoshhh/image/upload/v1755808043/quote-builder/d84f47872fa329b57a3466e066bbc335.jpg
[2025-08-21T20:27:23.852Z] Processing: /library/modules/upload/files/quote_product/405/5cf003653011479945e0acaa07f9633f.jpg
[2025-08-21T20:27:23.956Z]   ✓ Downloaded (7505 bytes)
[2025-08-21T20:27:24.414Z]   ✓ Uploaded to Cloudinary: https://res.cloudinary.com/natemoshhh/image/upload/v1755808044/quote-builder/5cf003653011479945e0acaa07f9633f.jpg
[2025-08-21T20:27:24.514Z] Processing: /library/modules/upload/files/quote_product/406/df2d37f0a9b570abacf5103bfd7ec5a4.jpg
[2025-08-21T20:27:24.619Z]   ✓ Downloaded (5181 bytes)
[2025-08-21T20:27:25.047Z]   ✓ Uploaded to Cloudinary: https://res.cloudinary.com/natemoshhh/image/upload/v1755808044/quote-builder/df2d37f0a9b570abacf5103bfd7ec5a4.jpg
[2025-08-21T20:27:25.148Z] Processing: /library/modules/upload/files/quote_product/407/765b3498ce81d3273611c3ff461a6726.jpg
[2025-08-21T20:27:25.253Z]   ✓ Downloaded (8754 bytes)
[2025-08-21T20:27:25.969Z]   ✓ Uploaded to Cloudinary: https://res.cloudinary.com/natemoshhh/image/upload/v1755808045/quote-builder/765b3498ce81d3273611c3ff461a6726.jpg
[2025-08-21T20:27:26.070Z] Processing: /library/modules/upload/files/quote_product/408/d239e5c118671c8bd1b39ec41b01d9b3.jpg
[2025-08-21T20:27:26.175Z]   ✓ Downloaded (13071 bytes)
[2025-08-21T20:27:26.588Z]   ✓ Uploaded to Cloudinary: https://res.cloudinary.com/natemoshhh/image/upload/v1755808046/quote-builder/d239e5c118671c8bd1b39ec41b01d9b3.jpg
[2025-08-21T20:27:26.689Z] Processing: /library/modules/upload/files/quote_product/409/b1877d3ac2bf0523186129693eabb03c.jpg
[2025-08-21T20:27:26.794Z]   ✓ Downloaded (7988 bytes)
[2025-08-21T20:27:27.209Z]   ✓ Uploaded to Cloudinary: https://res.cloudinary.com/natemoshhh/image/upload/v1755808047/quote-builder/b1877d3ac2bf0523186129693eabb03c.jpg
[2025-08-21T20:27:27.310Z] Processing: /library/modules/upload/files/quote_product/455/4704045b16f6a84424a2b2240fe9ea85.jpg
[2025-08-21T20:27:27.415Z]   ✓ Downloaded (7396 bytes)
[2025-08-21T20:27:27.865Z]   ✓ Uploaded to Cloudinary: https://res.cloudinary.com/natemoshhh/image/upload/v1755808047/quote-builder/4704045b16f6a84424a2b2240fe9ea85.jpg
[2025-08-21T20:27:27.966Z] Processing: /library/modules/upload/files/quote_product/472/3d4476d14977a7ea8342c35d3577401b.jpg
[2025-08-21T20:27:28.070Z]   ✓ Downloaded (12369 bytes)
[2025-08-21T20:27:28.507Z]   ✓ Uploaded to Cloudinary: https://res.cloudinary.com/natemoshhh/image/upload/v1755808048/quote-builder/3d4476d14977a7ea8342c35d3577401b.jpg
[2025-08-21T20:27:28.608Z] Processing: /library/modules/upload/files/quote_product/410/99af9c815ab400a1437d0f7c5c278c0d.jpg
[2025-08-21T20:27:28.714Z]   ✓ Downloaded (20912 bytes)
[2025-08-21T20:27:29.232Z]   ✓ Uploaded to Cloudinary: https://res.cloudinary.com/natemoshhh/image/upload/v1755808048/quote-builder/99af9c815ab400a1437d0f7c5c278c0d.jpg
[2025-08-21T20:27:29.333Z] Processing: /library/modules/upload/files/quote_product/413/47bc3638b5bac2fb72688d6f232511f8.jpg
[2025-08-21T20:27:29.437Z]   ✓ Downloaded (10918 bytes)
[2025-08-21T20:27:29.822Z]   ✓ Uploaded to Cloudinary: https://res.cloudinary.com/natemoshhh/image/upload/v1755808049/quote-builder/47bc3638b5bac2fb72688d6f232511f8.jpg
[2025-08-21T20:27:29.923Z] Processing: /library/modules/upload/files/quote_product/503/2829999b5e7aad9cee20dbefd5091b7c.jpg
[2025-08-21T20:27:30.026Z]   ✓ Downloaded (3721 bytes)
[2025-08-21T20:27:30.923Z]   ✓ Uploaded to Cloudinary: https://res.cloudinary.com/natemoshhh/image/upload/v1755808050/quote-builder/2829999b5e7aad9cee20dbefd5091b7c.jpg
[2025-08-21T20:27:31.025Z] Processing: /library/modules/upload/files/quote_product/524/58b8ef017c792968808a5cb2f031876a.jpg
[2025-08-21T20:27:31.130Z]   ✓ Downloaded (28571 bytes)
[2025-08-21T20:27:31.615Z]   ✓ Uploaded to Cloudinary: https://res.cloudinary.com/natemoshhh/image/upload/v1755808051/quote-builder/58b8ef017c792968808a5cb2f031876a.jpg
[2025-08-21T20:27:31.715Z] Processing: /library/modules/upload/files/quote_product/525/58b111ec9df5fdcc15c331491852249f.jpg
[2025-08-21T20:27:31.820Z]   ✓ Downloaded (27422 bytes)
[2025-08-21T20:27:32.404Z]   ✓ Uploaded to Cloudinary: https://res.cloudinary.com/natemoshhh/image/upload/v1755808052/quote-builder/58b111ec9df5fdcc15c331491852249f.jpg
[2025-08-21T20:27:32.505Z] Processing: /library/modules/upload/files/quote_product/233/d610b04ca5132365dce7bf7952a93b96.jpg
[2025-08-21T20:27:32.610Z]   ✓ Downloaded (10118 bytes)
[2025-08-21T20:27:33.050Z]   ✓ Uploaded to Cloudinary: https://res.cloudinary.com/natemoshhh/image/upload/v1755808052/quote-builder/d610b04ca5132365dce7bf7952a93b96.jpg
[2025-08-21T20:27:33.151Z] Processing: /library/modules/upload/files/quote_product/234/51f753312a00eae088eeb01bb07b82a7.jpg
[2025-08-21T20:27:33.257Z]   ✓ Downloaded (15128 bytes)
[2025-08-21T20:27:33.693Z]   ✓ Uploaded to Cloudinary: https://res.cloudinary.com/natemoshhh/image/upload/v1755808053/quote-builder/51f753312a00eae088eeb01bb07b82a7.jpg
[2025-08-21T20:27:33.794Z] Processing: /library/modules/upload/files/quote_product/251/b453cc09aa270a58250a11d2fa8744e4.jpg
[2025-08-21T20:27:33.898Z]   ✓ Downloaded (11181 bytes)
[2025-08-21T20:27:34.339Z]   ✓ Uploaded to Cloudinary: https://res.cloudinary.com/natemoshhh/image/upload/v1755808054/quote-builder/b453cc09aa270a58250a11d2fa8744e4.jpg
[2025-08-21T20:27:34.440Z] Processing: /library/modules/upload/files/quote_product/252/a002d2ca277a6c8063dd0c2f5684f56b.jpg
[2025-08-21T20:27:34.545Z]   ✓ Downloaded (9920 bytes)
[2025-08-21T20:27:34.964Z]   ✓ Uploaded to Cloudinary: https://res.cloudinary.com/natemoshhh/image/upload/v1755808054/quote-builder/a002d2ca277a6c8063dd0c2f5684f56b.jpg
[2025-08-21T20:27:35.064Z] Processing: /library/modules/upload/files/quote_product/253/0a4f0cd01a7009d9de3b65b94bdd7ab8.jpg
[2025-08-21T20:27:35.176Z]   ✓ Downloaded (9802 bytes)
[2025-08-21T20:27:35.589Z]   ✓ Uploaded to Cloudinary: https://res.cloudinary.com/natemoshhh/image/upload/v1755808055/quote-builder/0a4f0cd01a7009d9de3b65b94bdd7ab8.jpg
[2025-08-21T20:27:35.691Z] Processing: /library/modules/upload/files/quote_product/254/419579d283c40438883a4b402984b463.jpg
[2025-08-21T20:27:35.802Z]   ✓ Downloaded (11026 bytes)
[2025-08-21T20:27:36.250Z]   ✓ Uploaded to Cloudinary: https://res.cloudinary.com/natemoshhh/image/upload/v1755808056/quote-builder/419579d283c40438883a4b402984b463.jpg
[2025-08-21T20:27:36.351Z] Processing: /library/modules/upload/files/quote_product/255/59c61a2e93fd14560337f61544b41f68.jpg
[2025-08-21T20:27:36.456Z]   ✓ Downloaded (15568 bytes)
[2025-08-21T20:27:36.815Z]   ✓ Uploaded to Cloudinary: https://res.cloudinary.com/natemoshhh/image/upload/v1755808056/quote-builder/59c61a2e93fd14560337f61544b41f68.jpg
[2025-08-21T20:27:36.916Z] Processing: /library/modules/upload/files/quote_product/256/88105dc5a36a12f702929ecfb4f63e65.jpg
[2025-08-21T20:27:37.020Z]   ✓ Downloaded (16311 bytes)
[2025-08-21T20:27:37.586Z]   ✓ Uploaded to Cloudinary: https://res.cloudinary.com/natemoshhh/image/upload/v1755808057/quote-builder/88105dc5a36a12f702929ecfb4f63e65.jpg
[2025-08-21T20:27:37.687Z] Processing: /library/modules/upload/files/quote_product/257/8d1e2948361210cbc704c89aef1ab763.jpg
[2025-08-21T20:27:37.793Z]   ✓ Downloaded (16531 bytes)
[2025-08-21T20:27:38.358Z]   ✓ Uploaded to Cloudinary: https://res.cloudinary.com/natemoshhh/image/upload/v1755808058/quote-builder/8d1e2948361210cbc704c89aef1ab763.jpg
[2025-08-21T20:27:38.458Z] Processing: /library/modules/upload/files/quote_product/258/f0efeed415e4e3bfad60add81ab3bdf6.jpg
[2025-08-21T20:27:38.563Z]   ✓ Downloaded (15824 bytes)
[2025-08-21T20:27:39.072Z]   ✓ Uploaded to Cloudinary: https://res.cloudinary.com/natemoshhh/image/upload/v1755808058/quote-builder/f0efeed415e4e3bfad60add81ab3bdf6.jpg
[2025-08-21T20:27:39.173Z] Processing: /library/modules/upload/files/quote_product/259/8ad266f122c5a2d500e9e6e07f8be5d8.jpg
[2025-08-21T20:27:39.279Z]   ✓ Downloaded (12483 bytes)
[2025-08-21T20:27:39.696Z]   ✓ Uploaded to Cloudinary: https://res.cloudinary.com/natemoshhh/image/upload/v1755808059/quote-builder/8ad266f122c5a2d500e9e6e07f8be5d8.jpg
[2025-08-21T20:27:39.801Z] Processing: /library/modules/upload/files/quote_product/260/e721758b891c1bb1ad765a332ce0f99e.jpg
[2025-08-21T20:27:39.906Z]   ✓ Downloaded (12033 bytes)
[2025-08-21T20:27:41.034Z]   ✓ Uploaded to Cloudinary: https://res.cloudinary.com/natemoshhh/image/upload/v1755808060/quote-builder/e721758b891c1bb1ad765a332ce0f99e.jpg
[2025-08-21T20:27:41.135Z] Processing: /library/modules/upload/files/quote_product/261/2988246487361231336abb72795ac1f3.jpg
[2025-08-21T20:27:41.240Z]   ✓ Downloaded (11503 bytes)
[2025-08-21T20:27:41.620Z]   ✓ Uploaded to Cloudinary: https://res.cloudinary.com/natemoshhh/image/upload/v1755808061/quote-builder/2988246487361231336abb72795ac1f3.jpg
[2025-08-21T20:27:41.722Z] Processing: /library/modules/upload/files/quote_product/262/3ab06f6b0b4c9778c9069857e132a117.jpg
[2025-08-21T20:27:41.827Z]   ✓ Downloaded (6648 bytes)
[2025-08-21T20:27:42.550Z]   ✓ Uploaded to Cloudinary: https://res.cloudinary.com/natemoshhh/image/upload/v1755808062/quote-builder/3ab06f6b0b4c9778c9069857e132a117.jpg
[2025-08-21T20:27:42.652Z] Processing: /library/modules/upload/files/quote_product/263/5ac5fb3b52bd3398c53a406c629a6fa4.jpg
[2025-08-21T20:27:42.756Z]   ✓ Downloaded (6825 bytes)
[2025-08-21T20:27:43.144Z]   ✓ Uploaded to Cloudinary: https://res.cloudinary.com/natemoshhh/image/upload/v1755808062/quote-builder/5ac5fb3b52bd3398c53a406c629a6fa4.jpg
[2025-08-21T20:27:43.245Z] Processing: /library/modules/upload/files/quote_product/264/f6af73327d1ab74486f962fca40a0a7a.jpg
[2025-08-21T20:27:43.349Z]   ✓ Downloaded (7065 bytes)
[2025-08-21T20:27:43.817Z]   ✓ Uploaded to Cloudinary: https://res.cloudinary.com/natemoshhh/image/upload/v1755808063/quote-builder/f6af73327d1ab74486f962fca40a0a7a.jpg
[2025-08-21T20:27:43.918Z] Processing: /library/modules/upload/files/quote_product/265/5c192537f4c89ced5f330f1485fbdec2.jpg
[2025-08-21T20:27:44.023Z]   ✓ Downloaded (6908 bytes)
[2025-08-21T20:27:44.402Z]   ✓ Uploaded to Cloudinary: https://res.cloudinary.com/natemoshhh/image/upload/v1755808064/quote-builder/5c192537f4c89ced5f330f1485fbdec2.jpg
[2025-08-21T20:27:44.503Z] Processing: /library/modules/upload/files/quote_product/266/1bf97efbc06e666ed119f0874041cd74.jpg
[2025-08-21T20:27:44.613Z]   ✓ Downloaded (7447 bytes)
[2025-08-21T20:27:45.067Z]   ✓ Uploaded to Cloudinary: https://res.cloudinary.com/natemoshhh/image/upload/v1755808064/quote-builder/1bf97efbc06e666ed119f0874041cd74.jpg
[2025-08-21T20:27:45.168Z] Processing: /library/modules/upload/files/quote_product/267/25e8736ad9f5f9e9f0eb9051d35fe62e.jpg
[2025-08-21T20:27:45.273Z]   ✓ Downloaded (6846 bytes)
[2025-08-21T20:27:45.821Z]   ✓ Uploaded to Cloudinary: https://res.cloudinary.com/natemoshhh/image/upload/v1755808065/quote-builder/25e8736ad9f5f9e9f0eb9051d35fe62e.jpg
[2025-08-21T20:27:45.922Z] Processing: /library/modules/upload/files/quote_product/268/700d2f3c8b79b1a1e25a7233a342b22e.jpg
[2025-08-21T20:27:46.028Z]   ✓ Downloaded (7012 bytes)
[2025-08-21T20:27:46.546Z]   ✓ Uploaded to Cloudinary: https://res.cloudinary.com/natemoshhh/image/upload/v1755808066/quote-builder/700d2f3c8b79b1a1e25a7233a342b22e.jpg
[2025-08-21T20:27:46.647Z] Processing: /library/modules/upload/files/quote_product/269/d5f6352110423206f45de01ea88d708d.jpg
[2025-08-21T20:27:46.752Z]   ✓ Downloaded (7207 bytes)
[2025-08-21T20:27:47.117Z]   ✓ Uploaded to Cloudinary: https://res.cloudinary.com/natemoshhh/image/upload/v1755808067/quote-builder/d5f6352110423206f45de01ea88d708d.jpg
[2025-08-21T20:27:47.219Z] Processing: /library/modules/upload/files/quote_product/270/d4a2eada440b1da663d875831f9773c9.jpg
[2025-08-21T20:27:47.323Z]   ✓ Downloaded (7526 bytes)
[2025-08-21T20:27:47.720Z]   ✓ Uploaded to Cloudinary: https://res.cloudinary.com/natemoshhh/image/upload/v1755808067/quote-builder/d4a2eada440b1da663d875831f9773c9.jpg
[2025-08-21T20:27:47.822Z] Processing: /library/modules/upload/files/quote_product/271/6160389e6949042cd5e1cf00e4e14eba.jpg
[2025-08-21T20:27:47.929Z]   ✓ Downloaded (7788 bytes)
[2025-08-21T20:27:48.554Z]   ✓ Uploaded to Cloudinary: https://res.cloudinary.com/natemoshhh/image/upload/v1755808068/quote-builder/6160389e6949042cd5e1cf00e4e14eba.jpg
[2025-08-21T20:27:48.655Z] Processing: /library/modules/upload/files/quote_product/272/e35a30fa755293a4677d2b6c42dcfce7.jpg
[2025-08-21T20:27:48.760Z]   ✓ Downloaded (6476 bytes)
[2025-08-21T20:27:49.421Z]   ✓ Uploaded to Cloudinary: https://res.cloudinary.com/natemoshhh/image/upload/v1755808069/quote-builder/e35a30fa755293a4677d2b6c42dcfce7.jpg
[2025-08-21T20:27:49.521Z] Processing: /library/modules/upload/files/quote_product/273/4de8cebfd64e3ebceceb8065aed9fe3f.jpg
[2025-08-21T20:27:49.626Z]   ✓ Downloaded (7963 bytes)
[2025-08-21T20:27:50.117Z]   ✓ Uploaded to Cloudinary: https://res.cloudinary.com/natemoshhh/image/upload/v1755808069/quote-builder/4de8cebfd64e3ebceceb8065aed9fe3f.jpg
[2025-08-21T20:27:50.217Z] Processing: /library/modules/upload/files/quote_product/274/04e42d10a6a59e361691529fd19915a4.jpg
[2025-08-21T20:27:50.322Z]   ✓ Downloaded (7583 bytes)
[2025-08-21T20:27:51.393Z]   ✓ Uploaded to Cloudinary: https://res.cloudinary.com/natemoshhh/image/upload/v1755808070/quote-builder/04e42d10a6a59e361691529fd19915a4.jpg
[2025-08-21T20:27:51.495Z] Processing: /library/modules/upload/files/quote_product/275/100710329cf31612521729e9bbf7f1ff.jpg
[2025-08-21T20:27:51.601Z]   ✓ Downloaded (7571 bytes)
[2025-08-21T20:27:51.979Z]   ✓ Uploaded to Cloudinary: https://res.cloudinary.com/natemoshhh/image/upload/v1755808071/quote-builder/100710329cf31612521729e9bbf7f1ff.jpg
[2025-08-21T20:27:52.080Z] Processing: /library/modules/upload/files/quote_product/276/489963f8101a3878d810a1eefa42ed58.jpg
[2025-08-21T20:27:52.188Z]   ✓ Downloaded (8457 bytes)
[2025-08-21T20:27:52.621Z]   ✓ Uploaded to Cloudinary: https://res.cloudinary.com/natemoshhh/image/upload/v1755808072/quote-builder/489963f8101a3878d810a1eefa42ed58.jpg
[2025-08-21T20:27:52.722Z] Processing: /library/modules/upload/files/quote_product/277/65b57c57bf04b70bf2408f8dd43b9791.jpg
[2025-08-21T20:27:52.827Z]   ✓ Downloaded (9196 bytes)
[2025-08-21T20:27:53.311Z]   ✓ Uploaded to Cloudinary: https://res.cloudinary.com/natemoshhh/image/upload/v1755808073/quote-builder/65b57c57bf04b70bf2408f8dd43b9791.jpg
[2025-08-21T20:27:53.412Z] Processing: /library/modules/upload/files/quote_product/278/01e022e0f3f0630091f24617e1d80aed.jpg
[2025-08-21T20:27:53.610Z]   ✓ Downloaded (118380 bytes)
[2025-08-21T20:27:54.080Z]   ✓ Uploaded to Cloudinary: https://res.cloudinary.com/natemoshhh/image/upload/v1755808073/quote-builder/01e022e0f3f0630091f24617e1d80aed.jpg
[2025-08-21T20:27:54.181Z] Processing: /library/modules/upload/files/quote_product/279/4334ccf33cf2052474670be5180aab0b.jpg
[2025-08-21T20:27:54.302Z]   ✓ Downloaded (167830 bytes)
[2025-08-21T20:27:54.874Z]   ✓ Uploaded to Cloudinary: https://res.cloudinary.com/natemoshhh/image/upload/v1755808074/quote-builder/4334ccf33cf2052474670be5180aab0b.jpg
[2025-08-21T20:27:54.975Z] Processing: /library/modules/upload/files/quote_product/280/6b0f19be1f939ebb4987cb5af06b63e5.jpg
[2025-08-21T20:27:55.299Z]   ✓ Downloaded (148930 bytes)
[2025-08-21T20:27:55.996Z]   ✓ Uploaded to Cloudinary: https://res.cloudinary.com/natemoshhh/image/upload/v1755808075/quote-builder/6b0f19be1f939ebb4987cb5af06b63e5.jpg
[2025-08-21T20:27:56.097Z] Processing: /library/modules/upload/files/quote_product/281/b904edb8bf35a4015a4b33504a73f07d.jpg
[2025-08-21T20:27:56.219Z]   ✓ Downloaded (166639 bytes)
[2025-08-21T20:27:56.995Z]   ✓ Uploaded to Cloudinary: https://res.cloudinary.com/natemoshhh/image/upload/v1755808076/quote-builder/b904edb8bf35a4015a4b33504a73f07d.jpg
[2025-08-21T20:27:57.095Z] Processing: /library/modules/upload/files/quote_product/282/80296eb251e6379980050d557393ee62.jpg
[2025-08-21T20:27:57.200Z]   ✓ Downloaded (30978 bytes)
[2025-08-21T20:27:57.563Z]   ✓ Uploaded to Cloudinary: https://res.cloudinary.com/natemoshhh/image/upload/v1755808077/quote-builder/80296eb251e6379980050d557393ee62.jpg
[2025-08-21T20:27:57.663Z] Processing: /library/modules/upload/files/quote_product/283/ed61975f4b4ac75bfc12fb9b49a7addc.jpg
[2025-08-21T20:27:57.768Z]   ✓ Downloaded (9835 bytes)
[2025-08-21T20:27:58.160Z]   ✓ Uploaded to Cloudinary: https://res.cloudinary.com/natemoshhh/image/upload/v1755808078/quote-builder/ed61975f4b4ac75bfc12fb9b49a7addc.jpg
[2025-08-21T20:27:58.262Z] Processing: /library/modules/upload/files/quote_product/474/1fb84f19f1291e006f9013c2d20b76a3.jpg
[2025-08-21T20:27:58.377Z]   ✓ Downloaded (120744 bytes)
[2025-08-21T20:27:58.919Z]   ✓ Uploaded to Cloudinary: https://res.cloudinary.com/natemoshhh/image/upload/v1755808078/quote-builder/1fb84f19f1291e006f9013c2d20b76a3.jpg
[2025-08-21T20:27:59.019Z] Processing: /library/modules/upload/files/quote_product/475/e722150d72da2e6f872c2350cc05f8ae.jpg
[2025-08-21T20:27:59.148Z]   ✓ Downloaded (131273 bytes)
[2025-08-21T20:27:59.872Z]   ✓ Uploaded to Cloudinary: https://res.cloudinary.com/natemoshhh/image/upload/v1755808079/quote-builder/e722150d72da2e6f872c2350cc05f8ae.jpg
[2025-08-21T20:27:59.974Z] Processing: /library/modules/upload/files/quote_product/284/eeb3c39577f8bf07ccb91841dca1910c.jpg
[2025-08-21T20:28:00.079Z]   ✓ Downloaded (7915 bytes)
[2025-08-21T20:28:00.678Z]   ✓ Uploaded to Cloudinary: https://res.cloudinary.com/natemoshhh/image/upload/v1755808080/quote-builder/eeb3c39577f8bf07ccb91841dca1910c.jpg
[2025-08-21T20:28:00.779Z] Processing: /library/modules/upload/files/quote_product/285/5cef54cd00aa4a5fb37f67d2abbdeb5f.jpg
[2025-08-21T20:28:00.884Z]   ✓ Downloaded (16225 bytes)
[2025-08-21T20:28:01.279Z]   ✓ Uploaded to Cloudinary: https://res.cloudinary.com/natemoshhh/image/upload/v1755808081/quote-builder/5cef54cd00aa4a5fb37f67d2abbdeb5f.jpg
[2025-08-21T20:28:01.380Z] Processing: /library/modules/upload/files/quote_product/286/bc93d5da9166055cf4addaec39e272e5.jpg
[2025-08-21T20:28:01.486Z]   ✓ Downloaded (19738 bytes)
[2025-08-21T20:28:02.023Z]   ✓ Uploaded to Cloudinary: https://res.cloudinary.com/natemoshhh/image/upload/v1755808081/quote-builder/bc93d5da9166055cf4addaec39e272e5.jpg
[2025-08-21T20:28:02.125Z] Processing: /library/modules/upload/files/quote_product/287/d93cbe54e223ac1e6a75add06a0c5d6b.jpg
[2025-08-21T20:28:02.230Z]   ✓ Downloaded (10170 bytes)
[2025-08-21T20:28:03.090Z]   ✓ Uploaded to Cloudinary: https://res.cloudinary.com/natemoshhh/image/upload/v1755808082/quote-builder/d93cbe54e223ac1e6a75add06a0c5d6b.jpg
[2025-08-21T20:28:03.191Z] Processing: /library/modules/upload/files/quote_product/288/cb8bd1075656e46b02542b60abe84bcb.jpg
[2025-08-21T20:28:03.304Z]   ✓ Downloaded (8098 bytes)
[2025-08-21T20:28:03.849Z]   ✓ Uploaded to Cloudinary: https://res.cloudinary.com/natemoshhh/image/upload/v1755808083/quote-builder/cb8bd1075656e46b02542b60abe84bcb.jpg
[2025-08-21T20:28:03.950Z] Processing: /library/modules/upload/files/quote_product/291/6f4735186ded9284075bede005053c34.jpg
[2025-08-21T20:28:04.055Z]   ✓ Downloaded (5388 bytes)
[2025-08-21T20:28:04.585Z]   ✓ Uploaded to Cloudinary: https://res.cloudinary.com/natemoshhh/image/upload/v1755808084/quote-builder/6f4735186ded9284075bede005053c34.jpg
[2025-08-21T20:28:04.686Z] Processing: /library/modules/upload/files/quote_product/292/adcde28ac3922555ddbf7495d1a2019c.jpg
[2025-08-21T20:28:04.791Z]   ✓ Downloaded (5821 bytes)
[2025-08-21T20:28:05.253Z]   ✓ Uploaded to Cloudinary: https://res.cloudinary.com/natemoshhh/image/upload/v1755808085/quote-builder/adcde28ac3922555ddbf7495d1a2019c.jpg
[2025-08-21T20:28:05.354Z] Processing: /library/modules/upload/files/quote_product/293/0190048d97373623ef6362e25e2ba252.jpg
[2025-08-21T20:28:05.457Z]   ✓ Downloaded (5478 bytes)
[2025-08-21T20:28:05.985Z]   ✓ Uploaded to Cloudinary: https://res.cloudinary.com/natemoshhh/image/upload/v1755808085/quote-builder/0190048d97373623ef6362e25e2ba252.jpg
[2025-08-21T20:28:06.086Z] Processing: /library/modules/upload/files/quote_product/294/ce25be93d3a6076d1488103dbe43aff5.jpg
[2025-08-21T20:28:06.189Z]   ✓ Downloaded (4275 bytes)
[2025-08-21T20:28:06.697Z]   ✓ Uploaded to Cloudinary: https://res.cloudinary.com/natemoshhh/image/upload/v1755808086/quote-builder/ce25be93d3a6076d1488103dbe43aff5.jpg
[2025-08-21T20:28:06.797Z] Processing: /library/modules/upload/files/quote_product/295/5c0d4aa72113e916e1363f221a24002d.jpg
[2025-08-21T20:28:06.906Z]   ✓ Downloaded (3017 bytes)
[2025-08-21T20:28:07.395Z]   ✓ Uploaded to Cloudinary: https://res.cloudinary.com/natemoshhh/image/upload/v1755808087/quote-builder/5c0d4aa72113e916e1363f221a24002d.jpg
[2025-08-21T20:28:07.495Z] Processing: /library/modules/upload/files/quote_product/296/53a3988871f2b3009e8b7c5e432baf66.jpg
[2025-08-21T20:28:07.601Z]   ✓ Downloaded (4003 bytes)
[2025-08-21T20:28:08.111Z]   ✓ Uploaded to Cloudinary: https://res.cloudinary.com/natemoshhh/image/upload/v1755808087/quote-builder/53a3988871f2b3009e8b7c5e432baf66.jpg
[2025-08-21T20:28:08.212Z] Processing: /library/modules/upload/files/quote_product/297/8b9eb9a7543e30f665eafad167d23476.jpg
[2025-08-21T20:28:08.317Z]   ✓ Downloaded (3648 bytes)
[2025-08-21T20:28:08.790Z]   ✓ Uploaded to Cloudinary: https://res.cloudinary.com/natemoshhh/image/upload/v1755808088/quote-builder/8b9eb9a7543e30f665eafad167d23476.jpg
[2025-08-21T20:28:08.891Z] Processing: /library/modules/upload/files/quote_product/298/15220a64103220c2be65033dc05e8322.jpg
[2025-08-21T20:28:08.999Z]   ✓ Downloaded (8954 bytes)
[2025-08-21T20:28:09.814Z]   ✓ Uploaded to Cloudinary: https://res.cloudinary.com/natemoshhh/image/upload/v1755808089/quote-builder/15220a64103220c2be65033dc05e8322.jpg
[2025-08-21T20:28:09.914Z] Processing: /library/modules/upload/files/quote_product/299/9f2a61f653ef5f5f55bab4000539ae13.jpg
[2025-08-21T20:28:10.020Z]   ✓ Downloaded (10671 bytes)
[2025-08-21T20:28:10.523Z]   ✓ Uploaded to Cloudinary: https://res.cloudinary.com/natemoshhh/image/upload/v1755808090/quote-builder/9f2a61f653ef5f5f55bab4000539ae13.jpg
[2025-08-21T20:28:10.624Z] Processing: /library/modules/upload/files/quote_product/300/6aed70e78becf7c3605d12b728b2c194.jpg
[2025-08-21T20:28:10.729Z]   ✓ Downloaded (10879 bytes)
[2025-08-21T20:28:11.488Z]   ✓ Uploaded to Cloudinary: https://res.cloudinary.com/natemoshhh/image/upload/v1755808090/quote-builder/6aed70e78becf7c3605d12b728b2c194.jpg
[2025-08-21T20:28:11.588Z] Processing: /library/modules/upload/files/quote_product/301/3e11a50c0b0015ceec1c26eed3757c3e.jpg
[2025-08-21T20:28:11.697Z]   ✓ Downloaded (12948 bytes)
[2025-08-21T20:28:12.089Z]   ✓ Uploaded to Cloudinary: https://res.cloudinary.com/natemoshhh/image/upload/v1755808091/quote-builder/3e11a50c0b0015ceec1c26eed3757c3e.jpg
[2025-08-21T20:28:12.190Z] Processing: /library/modules/upload/files/quote_product/302/b280f2b92e49507ae4a15c660d28be0a.jpg
[2025-08-21T20:28:12.295Z]   ✓ Downloaded (11963 bytes)
[2025-08-21T20:28:13.166Z]   ✓ Uploaded to Cloudinary: https://res.cloudinary.com/natemoshhh/image/upload/v1755808092/quote-builder/b280f2b92e49507ae4a15c660d28be0a.jpg
[2025-08-21T20:28:13.266Z] Processing: /library/modules/upload/files/quote_product/303/edcb0926b2a2d7fa635193cccf9bdf10.jpg
[2025-08-21T20:28:13.371Z]   ✓ Downloaded (10308 bytes)
[2025-08-21T20:28:13.884Z]   ✓ Uploaded to Cloudinary: https://res.cloudinary.com/natemoshhh/image/upload/v1755808093/quote-builder/edcb0926b2a2d7fa635193cccf9bdf10.jpg
[2025-08-21T20:28:13.985Z] Processing: /library/modules/upload/files/quote_product/443/9407214591f07c26a667e793002b60f2.jpg
[2025-08-21T20:28:14.090Z]   ✓ Downloaded (9789 bytes)
[2025-08-21T20:28:14.537Z]   ✓ Uploaded to Cloudinary: https://res.cloudinary.com/natemoshhh/image/upload/v1755808094/quote-builder/9407214591f07c26a667e793002b60f2.jpg
[2025-08-21T20:28:14.638Z] Processing: /library/modules/upload/files/quote_product/444/32a75cda6efce4ec511a02d8ad668b92.jpg
[2025-08-21T20:28:14.742Z]   ✓ Downloaded (9840 bytes)
[2025-08-21T20:28:15.228Z]   ✓ Uploaded to Cloudinary: https://res.cloudinary.com/natemoshhh/image/upload/v1755808095/quote-builder/32a75cda6efce4ec511a02d8ad668b92.jpg
[2025-08-21T20:28:15.329Z] Processing: /library/modules/upload/files/quote_product/445/53cc46e6a4158deb26802e2bbfeb10f2.jpg
[2025-08-21T20:28:15.434Z]   ✓ Downloaded (10967 bytes)
[2025-08-21T20:28:15.893Z]   ✓ Uploaded to Cloudinary: https://res.cloudinary.com/natemoshhh/image/upload/v1755808095/quote-builder/53cc46e6a4158deb26802e2bbfeb10f2.jpg
[2025-08-21T20:28:15.994Z] Processing: /library/modules/upload/files/quote_product/308/b30ca1d198227b4207fdeedc3c871ef8.jpg
[2025-08-21T20:28:16.099Z]   ✓ Downloaded (10056 bytes)
[2025-08-21T20:28:16.551Z]   ✓ Uploaded to Cloudinary: https://res.cloudinary.com/natemoshhh/image/upload/v1755808096/quote-builder/b30ca1d198227b4207fdeedc3c871ef8.jpg
[2025-08-21T20:28:16.652Z] Processing: /library/modules/upload/files/quote_product/309/78343e259da715025b22176248be5918.jpg
[2025-08-21T20:28:16.756Z]   ✓ Downloaded (9796 bytes)
[2025-08-21T20:28:17.145Z]   ✓ Uploaded to Cloudinary: https://res.cloudinary.com/natemoshhh/image/upload/v1755808096/quote-builder/78343e259da715025b22176248be5918.jpg
[2025-08-21T20:28:17.245Z] Processing: /library/modules/upload/files/quote_product/310/a040deff83af6ae52bad34e948db87d4.jpg
[2025-08-21T20:28:17.351Z]   ✓ Downloaded (15111 bytes)
[2025-08-21T20:28:17.757Z]   ✓ Uploaded to Cloudinary: https://res.cloudinary.com/natemoshhh/image/upload/v1755808097/quote-builder/a040deff83af6ae52bad34e948db87d4.jpg
[2025-08-21T20:28:17.858Z] Processing: /library/modules/upload/files/quote_product/311/e0d59790d5ea9fa0754d39b4ec6241a5.jpg
[2025-08-21T20:28:17.963Z]   ✓ Downloaded (22127 bytes)
[2025-08-21T20:28:18.385Z]   ✓ Uploaded to Cloudinary: https://res.cloudinary.com/natemoshhh/image/upload/v1755808098/quote-builder/e0d59790d5ea9fa0754d39b4ec6241a5.jpg
[2025-08-21T20:28:18.487Z] Processing: /library/modules/upload/files/quote_product/312/61bde2c657d03b756d565d3b5b8edddd.jpg
[2025-08-21T20:28:18.600Z]   ✓ Downloaded (16496 bytes)
[2025-08-21T20:28:19.060Z]   ✓ Uploaded to Cloudinary: https://res.cloudinary.com/natemoshhh/image/upload/v1755808098/quote-builder/61bde2c657d03b756d565d3b5b8edddd.jpg
[2025-08-21T20:28:19.161Z] Processing: /library/modules/upload/files/quote_product/313/33ed355e6d8f8380e648d992d4618004.jpg
[2025-08-21T20:28:19.267Z]   ✓ Downloaded (8475 bytes)
[2025-08-21T20:28:19.748Z]   ✓ Uploaded to Cloudinary: https://res.cloudinary.com/natemoshhh/image/upload/v1755808099/quote-builder/33ed355e6d8f8380e648d992d4618004.jpg
[2025-08-21T20:28:19.848Z] Processing: /library/modules/upload/files/quote_product/314/7601dcd45ea831aac55a052190b82366.jpg
[2025-08-21T20:28:19.954Z]   ✓ Downloaded (11808 bytes)
[2025-08-21T20:28:20.438Z]   ✓ Uploaded to Cloudinary: https://res.cloudinary.com/natemoshhh/image/upload/v1755808100/quote-builder/7601dcd45ea831aac55a052190b82366.jpg
[2025-08-21T20:28:20.539Z] Processing: /library/modules/upload/files/quote_product/315/09b2c1d977ef9ae9bee1f30b533c7494.jpg
[2025-08-21T20:28:20.644Z]   ✓ Downloaded (9027 bytes)
[2025-08-21T20:28:21.055Z]   ✓ Uploaded to Cloudinary: https://res.cloudinary.com/natemoshhh/image/upload/v1755808100/quote-builder/09b2c1d977ef9ae9bee1f30b533c7494.jpg
[2025-08-21T20:28:21.156Z] Processing: /library/modules/upload/files/quote_product/456/f6b622aaa77858b41a0fe21beae71b3c.jpg
[2025-08-21T20:28:21.261Z]   ✓ Downloaded (7396 bytes)
[2025-08-21T20:28:21.646Z]   ✓ Uploaded to Cloudinary: https://res.cloudinary.com/natemoshhh/image/upload/v1755808101/quote-builder/f6b622aaa77858b41a0fe21beae71b3c.jpg
[2025-08-21T20:28:21.747Z] Processing: /library/modules/upload/files/quote_product/501/9cecfd62b5bfea0f8b19c2a7c34dd97f.jpg
[2025-08-21T20:28:21.852Z]   ✓ Downloaded (19807 bytes)
[2025-08-21T20:28:22.272Z]   ✓ Uploaded to Cloudinary: https://res.cloudinary.com/natemoshhh/image/upload/v1755808102/quote-builder/9cecfd62b5bfea0f8b19c2a7c34dd97f.jpg
[2025-08-21T20:28:22.373Z] Processing: /library/modules/upload/files/quote_product/494/420f84df75b58a6def6157a7a9a9b896.jpg
[2025-08-21T20:28:22.478Z]   ✓ Downloaded (2310 bytes)
[2025-08-21T20:28:23.207Z]   ✓ Uploaded to Cloudinary: https://res.cloudinary.com/natemoshhh/image/upload/v1755808102/quote-builder/420f84df75b58a6def6157a7a9a9b896.jpg
[2025-08-21T20:28:23.308Z] Processing: /library/modules/upload/files/quote_product/495/4091505cddc06d9f3d91e060e4fceb9c.jpg
[2025-08-21T20:28:23.413Z]   ✓ Downloaded (2362 bytes)
[2025-08-21T20:28:24.033Z]   ✓ Uploaded to Cloudinary: https://res.cloudinary.com/natemoshhh/image/upload/v1755808103/quote-builder/4091505cddc06d9f3d91e060e4fceb9c.jpg
[2025-08-21T20:28:24.134Z] Processing: /library/modules/upload/files/quote_product/496/806b6ce7cc75820cd241df0fd19ed4ef.jpg
[2025-08-21T20:28:24.238Z]   ✓ Downloaded (2246 bytes)
[2025-08-21T20:28:24.755Z]   ✓ Uploaded to Cloudinary: https://res.cloudinary.com/natemoshhh/image/upload/v1755808104/quote-builder/806b6ce7cc75820cd241df0fd19ed4ef.jpg
[2025-08-21T20:28:24.856Z] Processing: /library/modules/upload/files/quote_product/497/1be47319ecf712ad3b3f4f95708efc83.jpg
[2025-08-21T20:28:24.959Z]   ✓ Downloaded (2296 bytes)
[2025-08-21T20:28:25.348Z]   ✓ Uploaded to Cloudinary: https://res.cloudinary.com/natemoshhh/image/upload/v1755808105/quote-builder/1be47319ecf712ad3b3f4f95708efc83.jpg
[2025-08-21T20:28:25.449Z] Processing: /library/modules/upload/files/quote_product/498/76b344f4a4c5101f81ee0d804c082c35.jpg
[2025-08-21T20:28:25.552Z]   ✓ Downloaded (2169 bytes)
[2025-08-21T20:28:26.024Z]   ✓ Uploaded to Cloudinary: https://res.cloudinary.com/natemoshhh/image/upload/v1755808105/quote-builder/76b344f4a4c5101f81ee0d804c082c35.jpg
[2025-08-21T20:28:26.125Z] Processing: /library/modules/upload/files/quote_product/499/d8c3e65d1362a34e9f69f4af7b167190.jpg
[2025-08-21T20:28:26.228Z]   ✓ Downloaded (2084 bytes)
[2025-08-21T20:28:26.645Z]   ✓ Uploaded to Cloudinary: https://res.cloudinary.com/natemoshhh/image/upload/v1755808106/quote-builder/d8c3e65d1362a34e9f69f4af7b167190.jpg
[2025-08-21T20:28:26.745Z] Processing: /library/modules/upload/files/quote_product/316/95ffe724e34e061dd9afbb936bf58afc.jpg
[2025-08-21T20:28:26.849Z]   ✓ Downloaded (8675 bytes)
[2025-08-21T20:28:27.201Z]   ✓ Uploaded to Cloudinary: https://res.cloudinary.com/natemoshhh/image/upload/v1755808107/quote-builder/95ffe724e34e061dd9afbb936bf58afc.jpg
[2025-08-21T20:28:27.302Z] Processing: /library/modules/upload/files/quote_product/317/9de9adc894bebd567eab61dcd6b60c5e.jpg
[2025-08-21T20:28:27.407Z]   ✓ Downloaded (8404 bytes)
[2025-08-21T20:28:27.827Z]   ✓ Uploaded to Cloudinary: https://res.cloudinary.com/natemoshhh/image/upload/v1755808107/quote-builder/9de9adc894bebd567eab61dcd6b60c5e.jpg
[2025-08-21T20:28:27.927Z] Processing: /library/modules/upload/files/quote_product/318/b42724094900f014b845d88bc077c93e.jpg
[2025-08-21T20:28:28.032Z]   ✓ Downloaded (8404 bytes)
[2025-08-21T20:28:28.487Z]   ✓ Uploaded to Cloudinary: https://res.cloudinary.com/natemoshhh/image/upload/v1755808108/quote-builder/b42724094900f014b845d88bc077c93e.jpg
[2025-08-21T20:28:28.588Z] Processing: /library/modules/upload/files/quote_product/319/a9cae60cc98f206850a3333b069cc868.jpg
[2025-08-21T20:28:28.692Z]   ✓ Downloaded (7520 bytes)
[2025-08-21T20:28:29.349Z]   ✓ Uploaded to Cloudinary: https://res.cloudinary.com/natemoshhh/image/upload/v1755808108/quote-builder/a9cae60cc98f206850a3333b069cc868.jpg
[2025-08-21T20:28:29.451Z] Processing: /library/modules/upload/files/quote_product/320/85922a81b33b5b07a27d155c507258e4.jpg
[2025-08-21T20:28:29.556Z]   ✓ Downloaded (7829 bytes)
[2025-08-21T20:28:29.981Z]   ✓ Uploaded to Cloudinary: https://res.cloudinary.com/natemoshhh/image/upload/v1755808109/quote-builder/85922a81b33b5b07a27d155c507258e4.jpg
[2025-08-21T20:28:30.081Z] Processing: /library/modules/upload/files/quote_product/477/af5098a2538b0c400c38aa215cb808bb.jpg
[2025-08-21T20:28:30.186Z]   ✓ Downloaded (11808 bytes)
[2025-08-21T20:28:30.855Z]   ✓ Uploaded to Cloudinary: https://res.cloudinary.com/natemoshhh/image/upload/v1755808110/quote-builder/af5098a2538b0c400c38aa215cb808bb.jpg
[2025-08-21T20:28:30.956Z] Processing: /library/modules/upload/files/quote_product/481/73ea9f5cc6e44d4a3ea5c4f34040371a.jpg
[2025-08-21T20:28:31.060Z]   ✓ Downloaded (30298 bytes)
[2025-08-21T20:28:31.550Z]   ✓ Uploaded to Cloudinary: https://res.cloudinary.com/natemoshhh/image/upload/v1755808111/quote-builder/73ea9f5cc6e44d4a3ea5c4f34040371a.jpg
[2025-08-21T20:28:31.650Z] Processing: /library/modules/upload/files/quote_product/321/508c07079bc4b9d85e89479e73439881.jpg
[2025-08-21T20:28:31.755Z]   ✓ Downloaded (14176 bytes)
[2025-08-21T20:28:32.288Z]   ✓ Uploaded to Cloudinary: https://res.cloudinary.com/natemoshhh/image/upload/v1755808112/quote-builder/508c07079bc4b9d85e89479e73439881.jpg
[2025-08-21T20:28:32.388Z] Processing: /library/modules/upload/files/quote_product/322/9bc11f884868d0b4205e821d7758c0f2.jpg
[2025-08-21T20:28:32.492Z]   ✓ Downloaded (11086 bytes)
[2025-08-21T20:28:32.869Z]   ✓ Uploaded to Cloudinary: https://res.cloudinary.com/natemoshhh/image/upload/v1755808112/quote-builder/9bc11f884868d0b4205e821d7758c0f2.jpg
[2025-08-21T20:28:32.971Z] Processing: /library/modules/upload/files/quote_product/323/6b78f4d6001f33057f0069188cffa42b.jpg
[2025-08-21T20:28:33.075Z]   ✓ Downloaded (14176 bytes)
[2025-08-21T20:28:33.706Z]   ✓ Uploaded to Cloudinary: https://res.cloudinary.com/natemoshhh/image/upload/v1755808113/quote-builder/6b78f4d6001f33057f0069188cffa42b.jpg
[2025-08-21T20:28:33.807Z] Processing: /library/modules/upload/files/quote_product/324/d71a37369b585302af2f6843de6c8b6c.jpg
[2025-08-21T20:28:33.915Z]   ✓ Downloaded (10839 bytes)
[2025-08-21T20:28:34.978Z]   ✓ Uploaded to Cloudinary: https://res.cloudinary.com/natemoshhh/image/upload/v1755808114/quote-builder/d71a37369b585302af2f6843de6c8b6c.jpg
[2025-08-21T20:28:35.078Z] Processing: /library/modules/upload/files/quote_product/325/5315baf83951faf5df3d31c14f8aecba.jpg
[2025-08-21T20:28:35.183Z]   ✓ Downloaded (9587 bytes)
[2025-08-21T20:28:35.635Z]   ✓ Uploaded to Cloudinary: https://res.cloudinary.com/natemoshhh/image/upload/v1755808115/quote-builder/5315baf83951faf5df3d31c14f8aecba.jpg
[2025-08-21T20:28:35.736Z] Processing: /library/modules/upload/files/quote_product/326/b131627e6b5b8bd082d5bdc77d85f156.jpg
[2025-08-21T20:28:35.840Z]   ✓ Downloaded (8276 bytes)
[2025-08-21T20:28:36.196Z]   ✓ Uploaded to Cloudinary: https://res.cloudinary.com/natemoshhh/image/upload/v1755808116/quote-builder/b131627e6b5b8bd082d5bdc77d85f156.jpg
[2025-08-21T20:28:36.296Z] Processing: /library/modules/upload/files/quote_product/327/b4a83a72abc54eda515ce60eebea1c24.png
[2025-08-21T20:28:36.439Z]   ✓ Downloaded (15632 bytes)
[2025-08-21T20:28:36.899Z]   ✓ Uploaded to Cloudinary: https://res.cloudinary.com/natemoshhh/image/upload/v1755808116/quote-builder/b4a83a72abc54eda515ce60eebea1c24.png
[2025-08-21T20:28:36.999Z] Processing: /library/modules/upload/files/quote_product/328/b4b9fe324a19f1809141d68ff468c949.png
[2025-08-21T20:28:37.104Z]   ✓ Downloaded (26058 bytes)
[2025-08-21T20:28:37.888Z]   ✓ Uploaded to Cloudinary: https://res.cloudinary.com/natemoshhh/image/upload/v1755808117/quote-builder/b4b9fe324a19f1809141d68ff468c949.png
[2025-08-21T20:28:37.990Z] Processing: /library/modules/upload/files/quote_product/329/55d2a0aa3f87bb87fff032e3cc987f82.jpg
[2025-08-21T20:28:38.094Z]   ✓ Downloaded (6627 bytes)
[2025-08-21T20:28:38.640Z]   ✓ Uploaded to Cloudinary: https://res.cloudinary.com/natemoshhh/image/upload/v1755808118/quote-builder/55d2a0aa3f87bb87fff032e3cc987f82.jpg
[2025-08-21T20:28:38.741Z] Processing: /library/modules/upload/files/quote_product/330/ef24f1f6e5d6c8f3c02f06138ff21caf.png
[2025-08-21T20:28:38.847Z]   ✓ Downloaded (24967 bytes)
[2025-08-21T20:28:39.570Z]   ✓ Uploaded to Cloudinary: https://res.cloudinary.com/natemoshhh/image/upload/v1755808119/quote-builder/ef24f1f6e5d6c8f3c02f06138ff21caf.png
[2025-08-21T20:28:39.671Z] Processing: /library/modules/upload/files/quote_product/482/396416b1cd6a3b4a531400415bd186d9.jpg
[2025-08-21T20:28:39.777Z]   ✓ Downloaded (15699 bytes)
[2025-08-21T20:28:40.292Z]   ✓ Uploaded to Cloudinary: https://res.cloudinary.com/natemoshhh/image/upload/v1755808120/quote-builder/396416b1cd6a3b4a531400415bd186d9.jpg
[2025-08-21T20:28:40.393Z] Processing: /library/modules/upload/files/quote_product/483/4596123718e1f0f9823f2623567d48ef.jpg
[2025-08-21T20:28:40.500Z]   ✓ Downloaded (15699 bytes)
[2025-08-21T20:28:40.938Z]   ✓ Uploaded to Cloudinary: https://res.cloudinary.com/natemoshhh/image/upload/v1755808120/quote-builder/4596123718e1f0f9823f2623567d48ef.jpg
[2025-08-21T20:28:41.038Z] Processing: /library/modules/upload/files/quote_product/484/806713b4ab600973d8bd3732b7da13b6.jpg
[2025-08-21T20:28:41.143Z]   ✓ Downloaded (13367 bytes)
[2025-08-21T20:28:48.503Z]   ✓ Uploaded to Cloudinary: https://res.cloudinary.com/natemoshhh/image/upload/v1755808122/quote-builder/806713b4ab600973d8bd3732b7da13b6.jpg
[2025-08-21T20:28:48.605Z] Processing: /library/modules/upload/files/quote_product/333/fc05b4d6be53050d6d4105cb33a2aeab.jpg
[2025-08-21T20:28:48.902Z]   ✓ Downloaded (5086 bytes)
[2025-08-21T20:28:50.325Z]   ✓ Uploaded to Cloudinary: https://res.cloudinary.com/natemoshhh/image/upload/v1755808129/quote-builder/fc05b4d6be53050d6d4105cb33a2aeab.jpg
[2025-08-21T20:28:50.426Z] Processing: /library/modules/upload/files/quote_product/334/db47552e407dfe7e1aed7bcc0b9d4ff3.jpg
[2025-08-21T20:28:50.528Z]   ✓ Downloaded (5697 bytes)
[2025-08-21T20:28:51.022Z]   ✓ Uploaded to Cloudinary: https://res.cloudinary.com/natemoshhh/image/upload/v1755808130/quote-builder/db47552e407dfe7e1aed7bcc0b9d4ff3.jpg
[2025-08-21T20:28:51.129Z] Processing: /library/modules/upload/files/quote_product/335/1d5b11db81c31a4325b9f96dfbde2c40.jpg
[2025-08-21T20:28:51.235Z]   ✓ Downloaded (11703 bytes)
[2025-08-21T20:28:51.630Z]   ✓ Uploaded to Cloudinary: https://res.cloudinary.com/natemoshhh/image/upload/v1755808131/quote-builder/1d5b11db81c31a4325b9f96dfbde2c40.jpg
[2025-08-21T20:28:51.731Z] Processing: /library/modules/upload/files/quote_product/457/2f8cda22e51dbcd204b1cb59914e1b26.jpg
[2025-08-21T20:28:51.834Z]   ✓ Downloaded (7396 bytes)
[2025-08-21T20:28:52.196Z]   ✓ Uploaded to Cloudinary: https://res.cloudinary.com/natemoshhh/image/upload/v1755808132/quote-builder/2f8cda22e51dbcd204b1cb59914e1b26.jpg
[2025-08-21T20:28:52.298Z] Processing: /library/modules/upload/files/quote_product/336/7adc492b3ca6a3c50a9a8ce96d5664d1.jpg
[2025-08-21T20:28:52.400Z]   ✓ Downloaded (4494 bytes)
[2025-08-21T20:28:52.748Z]   ✓ Uploaded to Cloudinary: https://res.cloudinary.com/natemoshhh/image/upload/v1755808132/quote-builder/7adc492b3ca6a3c50a9a8ce96d5664d1.jpg
[2025-08-21T20:28:52.849Z] Processing: /library/modules/upload/files/quote_product/337/24225d0b9a1116ea79f2487a4b533389.jpg
[2025-08-21T20:28:52.951Z]   ✓ Downloaded (10019 bytes)
[2025-08-21T20:28:53.369Z]   ✓ Uploaded to Cloudinary: https://res.cloudinary.com/natemoshhh/image/upload/v1755808133/quote-builder/24225d0b9a1116ea79f2487a4b533389.jpg
[2025-08-21T20:28:53.469Z] Processing: /library/modules/upload/files/quote_product/338/faf77aa25345d813e2b167d1f6ccffd2.jpg
[2025-08-21T20:28:53.572Z]   ✓ Downloaded (10669 bytes)
[2025-08-21T20:28:54.016Z]   ✓ Uploaded to Cloudinary: https://res.cloudinary.com/natemoshhh/image/upload/v1755808133/quote-builder/faf77aa25345d813e2b167d1f6ccffd2.jpg
[2025-08-21T20:28:54.117Z] Processing: /library/modules/upload/files/quote_product/339/feaee76c75900017d46c3cb89b878772.jpg
[2025-08-21T20:28:54.219Z]   ✓ Downloaded (5416 bytes)
[2025-08-21T20:28:54.844Z]   ✓ Uploaded to Cloudinary: https://res.cloudinary.com/natemoshhh/image/upload/v1755808134/quote-builder/feaee76c75900017d46c3cb89b878772.jpg
[2025-08-21T20:28:54.945Z] Processing: /library/modules/upload/files/quote_product/340/a5b6cc96ddd32f29f21d32947423a5f4.jpg
[2025-08-21T20:28:55.047Z]   ✓ Downloaded (5949 bytes)
[2025-08-21T20:28:55.498Z]   ✓ Uploaded to Cloudinary: https://res.cloudinary.com/natemoshhh/image/upload/v1755808135/quote-builder/a5b6cc96ddd32f29f21d32947423a5f4.jpg
[2025-08-21T20:28:55.599Z] Processing: /library/modules/upload/files/quote_product/458/8feddd06b443f63e289cfa167def1cdf.jpg
[2025-08-21T20:28:55.701Z]   ✓ Downloaded (7396 bytes)
[2025-08-21T20:28:56.069Z]   ✓ Uploaded to Cloudinary: https://res.cloudinary.com/natemoshhh/image/upload/v1755808135/quote-builder/8feddd06b443f63e289cfa167def1cdf.jpg
[2025-08-21T20:28:56.169Z] Processing: /library/modules/upload/files/quote_product/341/17cac4a450144aec60c7e679d2abf17d.jpg
[2025-08-21T20:28:56.271Z]   ✓ Downloaded (7505 bytes)
[2025-08-21T20:28:56.778Z]   ✓ Uploaded to Cloudinary: https://res.cloudinary.com/natemoshhh/image/upload/v1755808136/quote-builder/17cac4a450144aec60c7e679d2abf17d.jpg
[2025-08-21T20:28:56.879Z] Processing: /library/modules/upload/files/quote_product/342/9cda34a21acee6e1bf96e3c319123f81.jpg
[2025-08-21T20:28:56.982Z]   ✓ Downloaded (8754 bytes)
[2025-08-21T20:28:57.338Z]   ✓ Uploaded to Cloudinary: https://res.cloudinary.com/natemoshhh/image/upload/v1755808137/quote-builder/9cda34a21acee6e1bf96e3c319123f81.jpg
[2025-08-21T20:28:57.439Z] Processing: /library/modules/upload/files/quote_product/343/c25fdb50ae71209744c1ddcae5cce2c9.jpg
[2025-08-21T20:28:57.542Z]   ✓ Downloaded (13071 bytes)
[2025-08-21T20:28:58.022Z]   ✓ Uploaded to Cloudinary: https://res.cloudinary.com/natemoshhh/image/upload/v1755808137/quote-builder/c25fdb50ae71209744c1ddcae5cce2c9.jpg
[2025-08-21T20:28:58.122Z] Processing: /library/modules/upload/files/quote_product/344/5ff8d5d15c244291fc4c72f715f1e9dc.jpg
[2025-08-21T20:28:58.224Z]   ✓ Downloaded (7988 bytes)
[2025-08-21T20:28:58.679Z]   ✓ Uploaded to Cloudinary: https://res.cloudinary.com/natemoshhh/image/upload/v1755808138/quote-builder/5ff8d5d15c244291fc4c72f715f1e9dc.jpg
[2025-08-21T20:28:58.780Z] Processing: /library/modules/upload/files/quote_product/459/1a14816984898b4de07995ce6403d232.jpg
[2025-08-21T20:28:58.883Z]   ✓ Downloaded (7396 bytes)
[2025-08-21T20:28:59.339Z]   ✓ Uploaded to Cloudinary: https://res.cloudinary.com/natemoshhh/image/upload/v1755808139/quote-builder/1a14816984898b4de07995ce6403d232.jpg
[2025-08-21T20:28:59.440Z] Processing: /library/modules/upload/files/quote_product/345/d74f8200d784328f6ebf5f4679d0469d.jpg
[2025-08-21T20:28:59.543Z]   ✓ Downloaded (20912 bytes)
[2025-08-21T20:29:00.128Z]   ✓ Uploaded to Cloudinary: https://res.cloudinary.com/natemoshhh/image/upload/v1755808139/quote-builder/d74f8200d784328f6ebf5f4679d0469d.jpg
[2025-08-21T20:29:00.229Z] Processing: /library/modules/upload/files/quote_product/348/41a9f5e6c770056f18b0562353aeb07e.jpg
[2025-08-21T20:29:00.332Z]   ✓ Downloaded (10918 bytes)
[2025-08-21T20:29:01.057Z]   ✓ Uploaded to Cloudinary: https://res.cloudinary.com/natemoshhh/image/upload/v1755808140/quote-builder/41a9f5e6c770056f18b0562353aeb07e.jpg
[2025-08-21T20:29:01.158Z] Processing: /library/modules/upload/files/quote_product/502/3d2370c9ca3d70d6f15ce730ea75bb5f.jpg
[2025-08-21T20:29:01.265Z]   ✓ Downloaded (11081 bytes)
[2025-08-21T20:29:01.746Z]   ✓ Uploaded to Cloudinary: https://res.cloudinary.com/natemoshhh/image/upload/v1755808141/quote-builder/3d2370c9ca3d70d6f15ce730ea75bb5f.jpg
[2025-08-21T20:29:01.847Z] Processing: /library/modules/upload/files/quote_product/190/254f9f8566eb1c028e8d41adb5c0ac57.jpg
[2025-08-21T20:29:01.954Z]   ✓ Downloaded (5572 bytes)
[2025-08-21T20:29:02.517Z]   ✓ Uploaded to Cloudinary: https://res.cloudinary.com/natemoshhh/image/upload/v1755808142/quote-builder/254f9f8566eb1c028e8d41adb5c0ac57.jpg
[2025-08-21T20:29:02.618Z] Processing: /library/modules/upload/files/quote_product/191/032b0a69ab6651ed71df21ac8408d692.jpg
[2025-08-21T20:29:02.720Z]   ✓ Downloaded (5878 bytes)
[2025-08-21T20:29:04.465Z]   ✓ Uploaded to Cloudinary: https://res.cloudinary.com/natemoshhh/image/upload/v1755808143/quote-builder/032b0a69ab6651ed71df21ac8408d692.jpg
[2025-08-21T20:29:04.565Z] Processing: /library/modules/upload/files/quote_product/192/b7d0060f0dbaa0b7e8408425f40da2be.jpg
[2025-08-21T20:29:04.669Z]   ✓ Downloaded (6543 bytes)
[2025-08-21T20:29:05.185Z]   ✓ Uploaded to Cloudinary: https://res.cloudinary.com/natemoshhh/image/upload/v1755808144/quote-builder/b7d0060f0dbaa0b7e8408425f40da2be.jpg
[2025-08-21T20:29:05.287Z] Processing: /library/modules/upload/files/quote_product/193/40f2562fe6a7112f598ba99ff2543c16.jpg
[2025-08-21T20:29:05.400Z]   ✓ Downloaded (9973 bytes)
[2025-08-21T20:29:05.868Z]   ✓ Uploaded to Cloudinary: https://res.cloudinary.com/natemoshhh/image/upload/v1755808145/quote-builder/40f2562fe6a7112f598ba99ff2543c16.jpg
[2025-08-21T20:29:05.969Z] Processing: /library/modules/upload/files/quote_product/194/0b71ceff10b7778a47056f765c4cdb50.jpg
[2025-08-21T20:29:06.072Z]   ✓ Downloaded (10968 bytes)
[2025-08-21T20:29:06.506Z]   ✓ Uploaded to Cloudinary: https://res.cloudinary.com/natemoshhh/image/upload/v1755808146/quote-builder/0b71ceff10b7778a47056f765c4cdb50.jpg
[2025-08-21T20:29:06.607Z] Processing: /library/modules/upload/files/quote_product/195/8c9138e5538a03551c64f40f080783a9.jpg
[2025-08-21T20:29:06.710Z]   ✓ Downloaded (10596 bytes)
[2025-08-21T20:29:07.317Z]   ✓ Uploaded to Cloudinary: https://res.cloudinary.com/natemoshhh/image/upload/v1755808146/quote-builder/8c9138e5538a03551c64f40f080783a9.jpg
[2025-08-21T20:29:07.418Z] Processing: /library/modules/upload/files/quote_product/196/d745454e096127cad0c136694104b9a0.jpg
[2025-08-21T20:29:07.521Z]   ✓ Downloaded (10099 bytes)
[2025-08-21T20:29:07.994Z]   ✓ Uploaded to Cloudinary: https://res.cloudinary.com/natemoshhh/image/upload/v1755808147/quote-builder/d745454e096127cad0c136694104b9a0.jpg
[2025-08-21T20:29:08.095Z] Processing: /library/modules/upload/files/quote_product/197/442f139077ffe02c813536af94d16104.jpg
[2025-08-21T20:29:08.198Z]   ✓ Downloaded (12775 bytes)
[2025-08-21T20:29:08.895Z]   ✓ Uploaded to Cloudinary: https://res.cloudinary.com/natemoshhh/image/upload/v1755808148/quote-builder/442f139077ffe02c813536af94d16104.jpg
[2025-08-21T20:29:08.997Z] Processing: /library/modules/upload/files/quote_product/198/029038d1132f4876563c4d191ac03df0.jpg
[2025-08-21T20:29:09.102Z]   ✓ Downloaded (13418 bytes)
[2025-08-21T20:29:10.899Z]   ✓ Uploaded to Cloudinary: https://res.cloudinary.com/natemoshhh/image/upload/v1755808149/quote-builder/029038d1132f4876563c4d191ac03df0.jpg
[2025-08-21T20:29:11.000Z] Processing: /library/modules/upload/files/quote_product/199/6fe51986e1756b9c8bd608db24158a1d.jpg
[2025-08-21T20:29:11.102Z]   ✓ Downloaded (13363 bytes)
[2025-08-21T20:29:11.470Z]   ✓ Uploaded to Cloudinary: https://res.cloudinary.com/natemoshhh/image/upload/v1755808151/quote-builder/6fe51986e1756b9c8bd608db24158a1d.jpg
[2025-08-21T20:29:11.571Z] Processing: /library/modules/upload/files/quote_product/200/5a7037a4bf1f12f8828504c0a837ef64.jpg
[2025-08-21T20:29:11.676Z]   ✓ Downloaded (12866 bytes)
[2025-08-21T20:29:12.060Z]   ✓ Uploaded to Cloudinary: https://res.cloudinary.com/natemoshhh/image/upload/v1755808151/quote-builder/5a7037a4bf1f12f8828504c0a837ef64.jpg
[2025-08-21T20:29:12.161Z] Processing: /library/modules/upload/files/quote_product/201/917a7f6aa1c67b41442f4cc607e0d36f.jpg
[2025-08-21T20:29:12.262Z]   ✓ Downloaded (11758 bytes)
[2025-08-21T20:29:12.869Z]   ✓ Uploaded to Cloudinary: https://res.cloudinary.com/natemoshhh/image/upload/v1755808152/quote-builder/917a7f6aa1c67b41442f4cc607e0d36f.jpg
[2025-08-21T20:29:12.971Z] Processing: /library/modules/upload/files/quote_product/202/f8bc51ad9752501b0b3b36412910de82.jpg
[2025-08-21T20:29:13.080Z]   ✓ Downloaded (4679 bytes)
[2025-08-21T20:29:13.577Z]   ✓ Uploaded to Cloudinary: https://res.cloudinary.com/natemoshhh/image/upload/v1755808153/quote-builder/f8bc51ad9752501b0b3b36412910de82.jpg
[2025-08-21T20:29:13.679Z] Processing: /library/modules/upload/files/quote_product/203/23f142df8ca929ccb412b45ed741fc7f.jpg
[2025-08-21T20:29:13.782Z]   ✓ Downloaded (5270 bytes)
[2025-08-21T20:29:14.163Z]   ✓ Uploaded to Cloudinary: https://res.cloudinary.com/natemoshhh/image/upload/v1755808154/quote-builder/23f142df8ca929ccb412b45ed741fc7f.jpg
[2025-08-21T20:29:14.264Z] Processing: /library/modules/upload/files/quote_product/204/4be813dbde464fd277cadbcf0b709ebb.jpg
[2025-08-21T20:29:14.366Z]   ✓ Downloaded (5306 bytes)
[2025-08-21T20:29:14.909Z]   ✓ Uploaded to Cloudinary: https://res.cloudinary.com/natemoshhh/image/upload/v1755808154/quote-builder/4be813dbde464fd277cadbcf0b709ebb.jpg
[2025-08-21T20:29:15.010Z] Processing: /library/modules/upload/files/quote_product/205/2a42f40a2ccd90e1c51ddd2a2eaa487c.jpg
[2025-08-21T20:29:15.111Z]   ✓ Downloaded (5769 bytes)
[2025-08-21T20:29:15.534Z]   ✓ Uploaded to Cloudinary: https://res.cloudinary.com/natemoshhh/image/upload/v1755808155/quote-builder/2a42f40a2ccd90e1c51ddd2a2eaa487c.jpg
[2025-08-21T20:29:15.634Z] Processing: /library/modules/upload/files/quote_product/206/4b85f81fbdd595bf75c3af284e3a24a2.jpg
[2025-08-21T20:29:15.736Z]   ✓ Downloaded (5927 bytes)
[2025-08-21T20:29:16.187Z]   ✓ Uploaded to Cloudinary: https://res.cloudinary.com/natemoshhh/image/upload/v1755808155/quote-builder/4b85f81fbdd595bf75c3af284e3a24a2.jpg
[2025-08-21T20:29:16.289Z] Processing: /library/modules/upload/files/quote_product/207/a81edaa6db12a68518b53516637c3ae6.jpg
[2025-08-21T20:29:16.391Z]   ✓ Downloaded (3905 bytes)
[2025-08-21T20:29:16.950Z]   ✓ Uploaded to Cloudinary: https://res.cloudinary.com/natemoshhh/image/upload/v1755808156/quote-builder/a81edaa6db12a68518b53516637c3ae6.jpg
[2025-08-21T20:29:17.051Z] Processing: /library/modules/upload/files/quote_product/208/c02781f418afd4fa9e9c4efe1e9c8019.jpg
[2025-08-21T20:29:17.154Z]   ✓ Downloaded (8152 bytes)
[2025-08-21T20:29:17.556Z]   ✓ Uploaded to Cloudinary: https://res.cloudinary.com/natemoshhh/image/upload/v1755808157/quote-builder/c02781f418afd4fa9e9c4efe1e9c8019.jpg
[2025-08-21T20:29:17.657Z] Processing: /library/modules/upload/files/quote_product/209/1acfca022fe4643d69f13679449415b7.jpg
[2025-08-21T20:29:17.764Z]   ✓ Downloaded (4679 bytes)
[2025-08-21T20:29:18.507Z]   ✓ Uploaded to Cloudinary: https://res.cloudinary.com/natemoshhh/image/upload/v1755808158/quote-builder/1acfca022fe4643d69f13679449415b7.jpg
[2025-08-21T20:29:18.608Z] Processing: /library/modules/upload/files/quote_product/210/f1d1b92cbd6f00937514a7791862224b.jpg
[2025-08-21T20:29:18.709Z]   ✓ Downloaded (5343 bytes)
[2025-08-21T20:29:19.125Z]   ✓ Uploaded to Cloudinary: https://res.cloudinary.com/natemoshhh/image/upload/v1755808158/quote-builder/f1d1b92cbd6f00937514a7791862224b.jpg
[2025-08-21T20:29:19.227Z] Processing: /library/modules/upload/files/quote_product/211/20f2ce722aa35f7bfbf885ac2f6ec53a.jpg
[2025-08-21T20:29:19.341Z]   ✓ Downloaded (5571 bytes)
[2025-08-21T20:29:19.679Z]   ✓ Uploaded to Cloudinary: https://res.cloudinary.com/natemoshhh/image/upload/v1755808159/quote-builder/20f2ce722aa35f7bfbf885ac2f6ec53a.jpg
[2025-08-21T20:29:19.781Z] Processing: /library/modules/upload/files/quote_product/217/4841e8a87190700119db062000c1e2a7.jpg
[2025-08-21T20:29:19.882Z]   ✓ Downloaded (4609 bytes)
[2025-08-21T20:29:20.288Z]   ✓ Uploaded to Cloudinary: https://res.cloudinary.com/natemoshhh/image/upload/v1755808160/quote-builder/4841e8a87190700119db062000c1e2a7.jpg
[2025-08-21T20:29:20.388Z] Processing: /library/modules/upload/files/quote_product/218/e8cd360aeae863b5d6a8c8a823df2b97.jpg
[2025-08-21T20:29:20.490Z]   ✓ Downloaded (5764 bytes)
[2025-08-21T20:29:20.956Z]   ✓ Uploaded to Cloudinary: https://res.cloudinary.com/natemoshhh/image/upload/v1755808160/quote-builder/e8cd360aeae863b5d6a8c8a823df2b97.jpg
[2025-08-21T20:29:21.057Z] Processing: /library/modules/upload/files/quote_product/219/835ad5ba439a300eb2b483a0b916381c.jpg
[2025-08-21T20:29:21.160Z]   ✓ Downloaded (25924 bytes)
[2025-08-21T20:29:21.556Z]   ✓ Uploaded to Cloudinary: https://res.cloudinary.com/natemoshhh/image/upload/v1755808161/quote-builder/835ad5ba439a300eb2b483a0b916381c.jpg
[2025-08-21T20:29:21.656Z] Processing: /library/modules/upload/files/quote_product/220/57565a981c70ddde442332d883a16d29.jpg
[2025-08-21T20:29:21.758Z]   ✓ Downloaded (22462 bytes)
[2025-08-21T20:29:22.450Z]   ✓ Uploaded to Cloudinary: https://res.cloudinary.com/natemoshhh/image/upload/v1755808162/quote-builder/57565a981c70ddde442332d883a16d29.jpg
[2025-08-21T20:29:22.551Z] Processing: /library/modules/upload/files/quote_product/221/5f597c18ba72d15405174790625a6a5d.jpg
[2025-08-21T20:29:22.653Z]   ✓ Downloaded (15318 bytes)
[2025-08-21T20:29:23.040Z]   ✓ Uploaded to Cloudinary: https://res.cloudinary.com/natemoshhh/image/upload/v1755808162/quote-builder/5f597c18ba72d15405174790625a6a5d.jpg
[2025-08-21T20:29:23.140Z] Processing: /library/modules/upload/files/quote_product/222/e92c5809875fac002dccb565929693a6.jpg
[2025-08-21T20:29:23.243Z]   ✓ Downloaded (20424 bytes)
[2025-08-21T20:29:23.586Z]   ✓ Uploaded to Cloudinary: https://res.cloudinary.com/natemoshhh/image/upload/v1755808163/quote-builder/e92c5809875fac002dccb565929693a6.jpg
[2025-08-21T20:29:23.687Z] Processing: /library/modules/upload/files/quote_product/223/bc82937b305dccf7945ae482716d623a.jpg
[2025-08-21T20:29:23.801Z]   ✓ Downloaded (18490 bytes)
[2025-08-21T20:29:24.225Z]   ✓ Uploaded to Cloudinary: https://res.cloudinary.com/natemoshhh/image/upload/v1755808164/quote-builder/bc82937b305dccf7945ae482716d623a.jpg
[2025-08-21T20:29:24.327Z] Processing: /library/modules/upload/files/quote_product/224/dae520e8dc4695e39681080cc456865e.jpg
[2025-08-21T20:29:24.430Z]   ✓ Downloaded (16739 bytes)
[2025-08-21T20:29:24.907Z]   ✓ Uploaded to Cloudinary: https://res.cloudinary.com/natemoshhh/image/upload/v1755808164/quote-builder/dae520e8dc4695e39681080cc456865e.jpg
[2025-08-21T20:29:25.008Z] Processing: /library/modules/upload/files/quote_product/146/ec46f0461b0cbb84d74b1b3d1ab39f91.jpg
[2025-08-21T20:29:25.110Z]   ✓ Downloaded (8315 bytes)
[2025-08-21T20:29:25.565Z]   ✓ Uploaded to Cloudinary: https://res.cloudinary.com/natemoshhh/image/upload/v1755808165/quote-builder/ec46f0461b0cbb84d74b1b3d1ab39f91.jpg
[2025-08-21T20:29:25.666Z] Processing: /library/modules/upload/files/quote_product/147/7ee059205b32fc768ca8f248746e875d.jpg
[2025-08-21T20:29:25.769Z]   ✓ Downloaded (6467 bytes)
[2025-08-21T20:29:26.345Z]   ✓ Uploaded to Cloudinary: https://res.cloudinary.com/natemoshhh/image/upload/v1755808166/quote-builder/7ee059205b32fc768ca8f248746e875d.jpg
[2025-08-21T20:29:26.445Z] Processing: /library/modules/upload/files/quote_product/148/f3e1ae84a34e7629a8136a78914ad7c7.jpg
[2025-08-21T20:29:26.547Z]   ✓ Downloaded (6900 bytes)
[2025-08-21T20:29:26.974Z]   ✓ Uploaded to Cloudinary: https://res.cloudinary.com/natemoshhh/image/upload/v1755808166/quote-builder/f3e1ae84a34e7629a8136a78914ad7c7.jpg
[2025-08-21T20:29:27.075Z] Processing: /library/modules/upload/files/quote_product/149/5c7d76be6a784e369317f3a0c7ddf20c.jpg
[2025-08-21T20:29:27.185Z]   ✓ Downloaded (8140 bytes)
[2025-08-21T20:29:27.641Z]   ✓ Uploaded to Cloudinary: https://res.cloudinary.com/natemoshhh/image/upload/v1755808167/quote-builder/5c7d76be6a784e369317f3a0c7ddf20c.jpg
[2025-08-21T20:29:27.742Z] Processing: /library/modules/upload/files/quote_product/150/e70a5c7d84938ab634a2c751ca174618.jpg
[2025-08-21T20:29:27.844Z]   ✓ Downloaded (10448 bytes)
[2025-08-21T20:29:28.259Z]   ✓ Uploaded to Cloudinary: https://res.cloudinary.com/natemoshhh/image/upload/v1755808168/quote-builder/e70a5c7d84938ab634a2c751ca174618.jpg
[2025-08-21T20:29:28.361Z] Processing: /library/modules/upload/files/quote_product/151/2c58bd48e10f14565b34f1dcb059a169.jpg
[2025-08-21T20:29:28.465Z]   ✓ Downloaded (9430 bytes)
[2025-08-21T20:29:28.923Z]   ✓ Uploaded to Cloudinary: https://res.cloudinary.com/natemoshhh/image/upload/v1755808168/quote-builder/2c58bd48e10f14565b34f1dcb059a169.jpg
[2025-08-21T20:29:29.025Z] Processing: /library/modules/upload/files/quote_product/154/3e43689ac441b2aab54b1185863f716c.png
[2025-08-21T20:29:29.132Z]   ✓ Downloaded (546 bytes)
[2025-08-21T20:29:29.494Z]   ✓ Uploaded to Cloudinary: https://res.cloudinary.com/natemoshhh/image/upload/v1755808169/quote-builder/3e43689ac441b2aab54b1185863f716c.png
[2025-08-21T20:29:29.595Z] Processing: /library/modules/upload/files/quote_product/155/d0446bef3cad7be5621f6b7e679f69e7.png
[2025-08-21T20:29:29.697Z]   ✓ Downloaded (571 bytes)
[2025-08-21T20:29:30.077Z]   ✓ Uploaded to Cloudinary: https://res.cloudinary.com/natemoshhh/image/upload/v1755808169/quote-builder/d0446bef3cad7be5621f6b7e679f69e7.png
[2025-08-21T20:29:30.178Z] Processing: /library/modules/upload/files/quote_product/156/ec85f7de0cdd62c2c79893fca072f943.png
[2025-08-21T20:29:30.279Z]   ✓ Downloaded (556 bytes)
[2025-08-21T20:29:30.758Z]   ✓ Uploaded to Cloudinary: https://res.cloudinary.com/natemoshhh/image/upload/v1755808170/quote-builder/ec85f7de0cdd62c2c79893fca072f943.png
[2025-08-21T20:29:30.859Z] Processing: /library/modules/upload/files/quote_product/157/931d34ef4565aac83c45ce7c426f9c14.png
[2025-08-21T20:29:30.961Z]   ✓ Downloaded (14888 bytes)
[2025-08-21T20:29:31.486Z]   ✓ Uploaded to Cloudinary: https://res.cloudinary.com/natemoshhh/image/upload/v1755808171/quote-builder/931d34ef4565aac83c45ce7c426f9c14.png
[2025-08-21T20:29:31.586Z] Processing: /library/modules/upload/files/quote_product/161/8d1b7cb740bdc928c298af4e4afa07e0.jpg
[2025-08-21T20:29:31.689Z]   ✓ Downloaded (7396 bytes)
[2025-08-21T20:29:32.255Z]   ✓ Uploaded to Cloudinary: https://res.cloudinary.com/natemoshhh/image/upload/v1755808171/quote-builder/8d1b7cb740bdc928c298af4e4afa07e0.jpg
[2025-08-21T20:29:32.356Z] Processing: /library/modules/upload/files/quote_product/162/7e0e646a7547dfbccd4cae8236a66c57.jpg
[2025-08-21T20:29:32.460Z]   ✓ Downloaded (8995 bytes)
[2025-08-21T20:29:32.942Z]   ✓ Uploaded to Cloudinary: https://res.cloudinary.com/natemoshhh/image/upload/v1755808172/quote-builder/7e0e646a7547dfbccd4cae8236a66c57.jpg
[2025-08-21T20:29:33.043Z] Processing: /library/modules/upload/files/quote_product/163/6633de22fc414e4a3ed3b100d078a27d.jpg
[2025-08-21T20:29:33.147Z]   ✓ Downloaded (32428 bytes)
[2025-08-21T20:29:33.638Z]   ✓ Uploaded to Cloudinary: https://res.cloudinary.com/natemoshhh/image/upload/v1755808173/quote-builder/6633de22fc414e4a3ed3b100d078a27d.jpg
[2025-08-21T20:29:33.742Z] Processing: /library/modules/upload/files/quote_product/164/05bdc12c684bed6d12f05ab90d445001.jpg
[2025-08-21T20:29:33.845Z]   ✓ Downloaded (10170 bytes)
[2025-08-21T20:29:34.438Z]   ✓ Uploaded to Cloudinary: https://res.cloudinary.com/natemoshhh/image/upload/v1755808174/quote-builder/05bdc12c684bed6d12f05ab90d445001.jpg
[2025-08-21T20:29:34.538Z] Processing: /library/modules/upload/files/quote_product/165/490d65936f9dbb375a861b958a5ccc43.jpg
[2025-08-21T20:29:34.641Z]   ✓ Downloaded (8098 bytes)
[2025-08-21T20:29:35.037Z]   ✓ Uploaded to Cloudinary: https://res.cloudinary.com/natemoshhh/image/upload/v1755808174/quote-builder/490d65936f9dbb375a861b958a5ccc43.jpg
[2025-08-21T20:29:35.138Z] Processing: /library/modules/upload/files/quote_product/166/fe12dba1bd2769f6e426695bb06d989e.jpg
[2025-08-21T20:29:35.241Z]   ✓ Downloaded (24430 bytes)
[2025-08-21T20:29:35.737Z]   ✓ Uploaded to Cloudinary: https://res.cloudinary.com/natemoshhh/image/upload/v1755808175/quote-builder/fe12dba1bd2769f6e426695bb06d989e.jpg
[2025-08-21T20:29:35.837Z] Processing: /library/modules/upload/files/quote_product/167/a980918eeb5d91d94644924750482f91.jpg
[2025-08-21T20:29:35.939Z]   ✓ Downloaded (28449 bytes)
[2025-08-21T20:29:36.386Z]   ✓ Uploaded to Cloudinary: https://res.cloudinary.com/natemoshhh/image/upload/v1755808176/quote-builder/a980918eeb5d91d94644924750482f91.jpg
[2025-08-21T20:29:36.487Z] Processing: /library/modules/upload/files/quote_product/170/0fce3fd93aa033dbe4e2bf5a2d87cb94.jpg
[2025-08-21T20:29:36.588Z]   ✓ Downloaded (8954 bytes)
[2025-08-21T20:29:37.026Z]   ✓ Uploaded to Cloudinary: https://res.cloudinary.com/natemoshhh/image/upload/v1755808176/quote-builder/0fce3fd93aa033dbe4e2bf5a2d87cb94.jpg
[2025-08-21T20:29:37.127Z] Processing: /library/modules/upload/files/quote_product/171/4b5ec5e985e94c3aec0c29c8440dc168.jpg
[2025-08-21T20:29:37.229Z]   ✓ Downloaded (10671 bytes)
[2025-08-21T20:29:38.045Z]   ✓ Uploaded to Cloudinary: https://res.cloudinary.com/natemoshhh/image/upload/v1755808177/quote-builder/4b5ec5e985e94c3aec0c29c8440dc168.jpg
[2025-08-21T20:29:38.146Z] Processing: /library/modules/upload/files/quote_product/172/57d0a34fdad2905fbf72a0d40b7a98ac.jpg
[2025-08-21T20:29:38.248Z]   ✓ Downloaded (10879 bytes)
[2025-08-21T20:29:38.924Z]   ✓ Uploaded to Cloudinary: https://res.cloudinary.com/natemoshhh/image/upload/v1755808178/quote-builder/57d0a34fdad2905fbf72a0d40b7a98ac.jpg
[2025-08-21T20:29:39.026Z] Processing: /library/modules/upload/files/quote_product/173/d7b3f54a03e286ef52a424e6f8526ec9.jpg
[2025-08-21T20:29:39.128Z]   ✓ Downloaded (12948 bytes)
[2025-08-21T20:29:39.571Z]   ✓ Uploaded to Cloudinary: https://res.cloudinary.com/natemoshhh/image/upload/v1755808179/quote-builder/d7b3f54a03e286ef52a424e6f8526ec9.jpg
[2025-08-21T20:29:39.673Z] Processing: /library/modules/upload/files/quote_product/174/6ea48762939f8e6198ab1bcb598f6de8.jpg
[2025-08-21T20:29:39.778Z]   ✓ Downloaded (11963 bytes)
[2025-08-21T20:29:40.866Z]   ✓ Uploaded to Cloudinary: https://res.cloudinary.com/natemoshhh/image/upload/v1755808180/quote-builder/6ea48762939f8e6198ab1bcb598f6de8.jpg
[2025-08-21T20:29:40.967Z] Processing: /library/modules/upload/files/quote_product/175/7e4d8027a293e9ae9e51d67fd99d2441.jpg
[2025-08-21T20:29:41.071Z]   ✓ Downloaded (10308 bytes)
[2025-08-21T20:29:41.534Z]   ✓ Uploaded to Cloudinary: https://res.cloudinary.com/natemoshhh/image/upload/v1755808181/quote-builder/7e4d8027a293e9ae9e51d67fd99d2441.jpg
[2025-08-21T20:29:41.636Z] Processing: /library/modules/upload/files/quote_product/440/8874c6ef449ffc50431c47cb3914865a.jpg
[2025-08-21T20:29:41.739Z]   ✓ Downloaded (9789 bytes)
[2025-08-21T20:29:42.207Z]   ✓ Uploaded to Cloudinary: https://res.cloudinary.com/natemoshhh/image/upload/v1755808181/quote-builder/8874c6ef449ffc50431c47cb3914865a.jpg
[2025-08-21T20:29:42.308Z] Processing: /library/modules/upload/files/quote_product/441/bd3c6d27694b0a3a20b8cea38be89b9b.jpg
[2025-08-21T20:29:42.412Z]   ✓ Downloaded (9840 bytes)
[2025-08-21T20:29:42.817Z]   ✓ Uploaded to Cloudinary: https://res.cloudinary.com/natemoshhh/image/upload/v1755808182/quote-builder/bd3c6d27694b0a3a20b8cea38be89b9b.jpg
[2025-08-21T20:29:42.919Z] Processing: /library/modules/upload/files/quote_product/442/50b02639df99ac964f77719668ca6658.jpg
[2025-08-21T20:29:43.021Z]   ✓ Downloaded (10967 bytes)
[2025-08-21T20:29:43.383Z]   ✓ Uploaded to Cloudinary: https://res.cloudinary.com/natemoshhh/image/upload/v1755808183/quote-builder/50b02639df99ac964f77719668ca6658.jpg
[2025-08-21T20:29:43.485Z] Processing: /library/modules/upload/files/quote_product/180/b785d603abcf6479c9e8828621279685.jpg
[2025-08-21T20:29:43.588Z]   ✓ Downloaded (15829 bytes)
[2025-08-21T20:29:43.998Z]   ✓ Uploaded to Cloudinary: https://res.cloudinary.com/natemoshhh/image/upload/v1755808183/quote-builder/b785d603abcf6479c9e8828621279685.jpg
[2025-08-21T20:29:44.099Z] Processing: /library/modules/upload/files/quote_product/181/c6da97e5eaf906bc3baacca1a6aba173.jpg
[2025-08-21T20:29:44.202Z]   ✓ Downloaded (15728 bytes)
[2025-08-21T20:29:44.787Z]   ✓ Uploaded to Cloudinary: https://res.cloudinary.com/natemoshhh/image/upload/v1755808184/quote-builder/c6da97e5eaf906bc3baacca1a6aba173.jpg
[2025-08-21T20:29:44.889Z] Processing: /library/modules/upload/files/quote_product/182/1420ecdcd6c1c0339581a546b2f5377d.jpg
[2025-08-21T20:29:44.991Z]   ✓ Downloaded (8933 bytes)
[2025-08-21T20:29:45.359Z]   ✓ Uploaded to Cloudinary: https://res.cloudinary.com/natemoshhh/image/upload/v1755808185/quote-builder/1420ecdcd6c1c0339581a546b2f5377d.jpg
[2025-08-21T20:29:45.460Z] Processing: /library/modules/upload/files/quote_product/183/c2fd12b35120d7be7340c41e6561854a.jpg
[2025-08-21T20:29:45.564Z]   ✓ Downloaded (8936 bytes)
[2025-08-21T20:29:45.954Z]   ✓ Uploaded to Cloudinary: https://res.cloudinary.com/natemoshhh/image/upload/v1755808185/quote-builder/c2fd12b35120d7be7340c41e6561854a.jpg
[2025-08-21T20:29:46.055Z] Processing: /library/modules/upload/files/quote_product/184/54bd96aa24686b5e19822d450c234f0d.jpg
[2025-08-21T20:29:46.160Z]   ✓ Downloaded (8814 bytes)
[2025-08-21T20:29:46.688Z]   ✓ Uploaded to Cloudinary: https://res.cloudinary.com/natemoshhh/image/upload/v1755808186/quote-builder/54bd96aa24686b5e19822d450c234f0d.jpg
[2025-08-21T20:29:46.790Z] Processing: /library/modules/upload/files/quote_product/185/f6cf7219e3d549e741d15c1a460a2c83.jpg
[2025-08-21T20:29:46.893Z]   ✓ Downloaded (8842 bytes)
[2025-08-21T20:29:47.369Z]   ✓ Uploaded to Cloudinary: https://res.cloudinary.com/natemoshhh/image/upload/v1755808187/quote-builder/f6cf7219e3d549e741d15c1a460a2c83.jpg
[2025-08-21T20:29:47.469Z] Processing: /library/modules/upload/files/quote_product/186/b265b73bf2911cccafecf75c9b2cfbb3.jpg
[2025-08-21T20:29:47.571Z]   ✓ Downloaded (8993 bytes)
[2025-08-21T20:29:48.166Z]   ✓ Uploaded to Cloudinary: https://res.cloudinary.com/natemoshhh/image/upload/v1755808187/quote-builder/b265b73bf2911cccafecf75c9b2cfbb3.jpg
[2025-08-21T20:29:48.267Z] Processing: /library/modules/upload/files/quote_product/188/72d8a0e18e3da9bb19105a577b328ab6.jpg
[2025-08-21T20:29:48.371Z]   ✓ Downloaded (9939 bytes)
[2025-08-21T20:29:48.828Z]   ✓ Uploaded to Cloudinary: https://res.cloudinary.com/natemoshhh/image/upload/v1755808188/quote-builder/72d8a0e18e3da9bb19105a577b328ab6.jpg
[2025-08-21T20:29:48.928Z] Processing: /library/modules/upload/files/quote_product/189/387f3882109c12e50fcc5e45a26a0b2f.jpg
[2025-08-21T20:29:49.032Z]   ✓ Downloaded (10178 bytes)
[2025-08-21T20:29:49.395Z]   ✓ Uploaded to Cloudinary: https://res.cloudinary.com/natemoshhh/image/upload/v1755808189/quote-builder/387f3882109c12e50fcc5e45a26a0b2f.jpg
[2025-08-21T20:29:49.495Z] Processing: /library/modules/upload/files/quote_product/1/6539cc6b90e142f26c7151cd07254950.jpg
[2025-08-21T20:29:49.597Z]   ✓ Downloaded (20049 bytes)
[2025-08-21T20:29:50.126Z]   ✓ Uploaded to Cloudinary: https://res.cloudinary.com/natemoshhh/image/upload/v1755808189/quote-builder/6539cc6b90e142f26c7151cd07254950.jpg
[2025-08-21T20:29:50.228Z] Processing: /library/modules/upload/files/quote_product/2/7f3854058ee15fd9c780712decc602a1.jpg
[2025-08-21T20:29:50.329Z]   ✓ Downloaded (24164 bytes)
[2025-08-21T20:29:53.336Z]   ✓ Uploaded to Cloudinary: https://res.cloudinary.com/natemoshhh/image/upload/v1755808191/quote-builder/7f3854058ee15fd9c780712decc602a1.jpg
[2025-08-21T20:29:53.437Z] Processing: /library/modules/upload/files/quote_product/3/0012d5232781b45f4c623c39eafec1e1.jpg
[2025-08-21T20:29:53.548Z]   ✓ Downloaded (48864 bytes)
[2025-08-21T20:29:54.000Z]   ✓ Uploaded to Cloudinary: https://res.cloudinary.com/natemoshhh/image/upload/v1755808193/quote-builder/0012d5232781b45f4c623c39eafec1e1.jpg
[2025-08-21T20:29:54.101Z] Processing: /library/modules/upload/files/quote_product/506/b59b31a2e29adf8a03abcb7a6c1520d5.jpg
[2025-08-21T20:29:54.203Z]   ✓ Downloaded (5030 bytes)
[2025-08-21T20:29:54.688Z]   ✓ Uploaded to Cloudinary: https://res.cloudinary.com/natemoshhh/image/upload/v1755808194/quote-builder/b59b31a2e29adf8a03abcb7a6c1520d5.jpg
[2025-08-21T20:29:54.789Z] Processing: /library/modules/upload/files/quote_product/4/dd89eb7eb6ba6b0cc50ef3b78288e303.jpg
[2025-08-21T20:29:54.892Z]   ✓ Downloaded (8995 bytes)
[2025-08-21T20:29:55.351Z]   ✓ Uploaded to Cloudinary: https://res.cloudinary.com/natemoshhh/image/upload/v1755808195/quote-builder/dd89eb7eb6ba6b0cc50ef3b78288e303.jpg
[2025-08-21T20:29:55.452Z] Processing: /library/modules/upload/files/quote_product/5/cb7d437f7b22a3a3666fcfbd7d1ad539.jpg
[2025-08-21T20:29:55.555Z]   ✓ Downloaded (32428 bytes)
[2025-08-21T20:29:55.963Z]   ✓ Uploaded to Cloudinary: https://res.cloudinary.com/natemoshhh/image/upload/v1755808195/quote-builder/cb7d437f7b22a3a3666fcfbd7d1ad539.jpg
[2025-08-21T20:29:56.063Z] Processing: /library/modules/upload/files/quote_product/6/68dacbb2dde31141ccbede25b186b5f1.jpg
[2025-08-21T20:29:56.164Z]   ✓ Downloaded (32348 bytes)
[2025-08-21T20:29:56.642Z]   ✓ Uploaded to Cloudinary: https://res.cloudinary.com/natemoshhh/image/upload/v1755808196/quote-builder/68dacbb2dde31141ccbede25b186b5f1.jpg
[2025-08-21T20:29:56.743Z] Processing: /library/modules/upload/files/quote_product/7/f7f92cfdaa2114f2b65636591e59b88f.jpg
[2025-08-21T20:29:56.844Z]   ✓ Downloaded (12346 bytes)
[2025-08-21T20:29:57.249Z]   ✓ Uploaded to Cloudinary: https://res.cloudinary.com/natemoshhh/image/upload/v1755808197/quote-builder/f7f92cfdaa2114f2b65636591e59b88f.jpg
[2025-08-21T20:29:57.350Z] Processing: /library/modules/upload/files/quote_product/8/b2f13ddadc149dc45fcc2d29b158abb4.jpg
[2025-08-21T20:29:57.454Z]   ✓ Downloaded (27250 bytes)
[2025-08-21T20:29:57.927Z]   ✓ Uploaded to Cloudinary: https://res.cloudinary.com/natemoshhh/image/upload/v1755808197/quote-builder/b2f13ddadc149dc45fcc2d29b158abb4.jpg
[2025-08-21T20:29:58.028Z] Processing: /library/modules/upload/files/quote_product/9/7cdb843b103b0a74c868ffbddcd5db21.jpg
[2025-08-21T20:29:58.131Z]   ✓ Downloaded (28345 bytes)
[2025-08-21T20:29:58.613Z]   ✓ Uploaded to Cloudinary: https://res.cloudinary.com/natemoshhh/image/upload/v1755808198/quote-builder/7cdb843b103b0a74c868ffbddcd5db21.jpg
[2025-08-21T20:29:58.714Z] Processing: /library/modules/upload/files/quote_product/10/22faa574802219a48511d250d281eebc.jpg
[2025-08-21T20:29:58.816Z]   ✓ Downloaded (12459 bytes)
[2025-08-21T20:29:59.506Z]   ✓ Uploaded to Cloudinary: https://res.cloudinary.com/natemoshhh/image/upload/v1755808199/quote-builder/22faa574802219a48511d250d281eebc.jpg
[2025-08-21T20:29:59.608Z] Processing: /library/modules/upload/files/quote_product/11/e437b10ac1e2638069f2ce69c7831aa4.jpg
[2025-08-21T20:29:59.710Z]   ✓ Downloaded (10952 bytes)
[2025-08-21T20:30:01.067Z]   ✓ Uploaded to Cloudinary: https://res.cloudinary.com/natemoshhh/image/upload/v1755808200/quote-builder/e437b10ac1e2638069f2ce69c7831aa4.jpg
[2025-08-21T20:30:01.169Z] Processing: /library/modules/upload/files/quote_product/12/ea18e049773aed37cf15c8451d600af6.jpg
[2025-08-21T20:30:01.271Z]   ✓ Downloaded (13096 bytes)
[2025-08-21T20:30:01.729Z]   ✓ Uploaded to Cloudinary: https://res.cloudinary.com/natemoshhh/image/upload/v1755808201/quote-builder/ea18e049773aed37cf15c8451d600af6.jpg
[2025-08-21T20:30:01.830Z] Processing: /library/modules/upload/files/quote_product/13/d8e31a7ec3c9dcc02c7bc9dd10494c12.jpg
[2025-08-21T20:30:01.937Z]   ✓ Downloaded (11067 bytes)
[2025-08-21T20:30:02.692Z]   ✓ Uploaded to Cloudinary: https://res.cloudinary.com/natemoshhh/image/upload/v1755808202/quote-builder/d8e31a7ec3c9dcc02c7bc9dd10494c12.jpg
[2025-08-21T20:30:02.794Z] Processing: /library/modules/upload/files/quote_product/14/a10a95b398289e8ca132c3670727ea5c.jpg
[2025-08-21T20:30:02.903Z]   ✓ Downloaded (10975 bytes)
[2025-08-21T20:30:03.339Z]   ✓ Uploaded to Cloudinary: https://res.cloudinary.com/natemoshhh/image/upload/v1755808203/quote-builder/a10a95b398289e8ca132c3670727ea5c.jpg
[2025-08-21T20:30:03.439Z] Processing: /library/modules/upload/files/quote_product/15/dac986177bd017203329a3673ff2cd65.jpg
[2025-08-21T20:30:03.544Z]   ✓ Downloaded (11992 bytes)
[2025-08-21T20:30:04.043Z]   ✓ Uploaded to Cloudinary: https://res.cloudinary.com/natemoshhh/image/upload/v1755808203/quote-builder/dac986177bd017203329a3673ff2cd65.jpg
[2025-08-21T20:30:04.145Z] Processing: /library/modules/upload/files/quote_product/16/fe5c2815987d137836cfa4b562520dcd.jpg
[2025-08-21T20:30:04.247Z]   ✓ Downloaded (12210 bytes)
[2025-08-21T20:30:04.908Z]   ✓ Uploaded to Cloudinary: https://res.cloudinary.com/natemoshhh/image/upload/v1755808204/quote-builder/fe5c2815987d137836cfa4b562520dcd.jpg
[2025-08-21T20:30:05.009Z] Processing: /library/modules/upload/files/quote_product/17/68bec317ca7174525bef059ac5b6834f.jpg
[2025-08-21T20:30:05.118Z]   ✓ Downloaded (10707 bytes)
[2025-08-21T20:30:05.671Z]   ✓ Uploaded to Cloudinary: https://res.cloudinary.com/natemoshhh/image/upload/v1755808205/quote-builder/68bec317ca7174525bef059ac5b6834f.jpg
[2025-08-21T20:30:05.772Z] Processing: /library/modules/upload/files/quote_product/18/8e703f4b975459e27e05903eb96bf8fb.jpg
[2025-08-21T20:30:05.876Z]   ✓ Downloaded (11372 bytes)
[2025-08-21T20:30:06.499Z]   ✓ Uploaded to Cloudinary: https://res.cloudinary.com/natemoshhh/image/upload/v1755808206/quote-builder/8e703f4b975459e27e05903eb96bf8fb.jpg
[2025-08-21T20:30:06.600Z] Processing: /library/modules/upload/files/quote_product/19/5d350cb88124114a944d7c429de72ea3.jpg
[2025-08-21T20:30:06.705Z]   ✓ Downloaded (11655 bytes)
[2025-08-21T20:30:07.099Z]   ✓ Uploaded to Cloudinary: https://res.cloudinary.com/natemoshhh/image/upload/v1755808206/quote-builder/5d350cb88124114a944d7c429de72ea3.jpg
[2025-08-21T20:30:07.200Z] Processing: /library/modules/upload/files/quote_product/20/6050b32617f5f0e50cce7f29414cc8c8.jpg
[2025-08-21T20:30:07.302Z]   ✓ Downloaded (12374 bytes)
[2025-08-21T20:30:07.779Z]   ✓ Uploaded to Cloudinary: https://res.cloudinary.com/natemoshhh/image/upload/v1755808207/quote-builder/6050b32617f5f0e50cce7f29414cc8c8.jpg
[2025-08-21T20:30:07.880Z] Processing: /library/modules/upload/files/quote_product/21/217170cf61ef775f930fa745b06035fe.jpg
[2025-08-21T20:30:07.986Z]   ✓ Downloaded (12439 bytes)
[2025-08-21T20:30:08.721Z]   ✓ Uploaded to Cloudinary: https://res.cloudinary.com/natemoshhh/image/upload/v1755808208/quote-builder/217170cf61ef775f930fa745b06035fe.jpg
[2025-08-21T20:30:08.823Z] Processing: /library/modules/upload/files/quote_product/22/24fb43bfd8386f3dd9adc0a7df81290e.jpg
[2025-08-21T20:30:08.926Z]   ✓ Downloaded (11834 bytes)
[2025-08-21T20:30:10.049Z]   ✓ Uploaded to Cloudinary: https://res.cloudinary.com/natemoshhh/image/upload/v1755808209/quote-builder/24fb43bfd8386f3dd9adc0a7df81290e.jpg
[2025-08-21T20:30:10.151Z] Processing: /library/modules/upload/files/quote_product/23/79604bfda845bae3210fb9bf58203dc7.jpg
[2025-08-21T20:30:10.255Z]   ✓ Downloaded (12875 bytes)
[2025-08-21T20:30:10.713Z]   ✓ Uploaded to Cloudinary: https://res.cloudinary.com/natemoshhh/image/upload/v1755808210/quote-builder/79604bfda845bae3210fb9bf58203dc7.jpg
[2025-08-21T20:30:10.814Z] Processing: /library/modules/upload/files/quote_product/24/5f227fd8db63cdfc0c5576946d536917.jpg
[2025-08-21T20:30:10.916Z]   ✓ Downloaded (13010 bytes)
[2025-08-21T20:30:11.319Z]   ✓ Uploaded to Cloudinary: https://res.cloudinary.com/natemoshhh/image/upload/v1755808211/quote-builder/5f227fd8db63cdfc0c5576946d536917.jpg
[2025-08-21T20:30:11.420Z] Processing: /library/modules/upload/files/quote_product/25/710dc85ad41dccff78b1429b89575d7f.jpg
[2025-08-21T20:30:11.521Z]   ✓ Downloaded (13000 bytes)
[2025-08-21T20:30:11.926Z]   ✓ Uploaded to Cloudinary: https://res.cloudinary.com/natemoshhh/image/upload/v1755808211/quote-builder/710dc85ad41dccff78b1429b89575d7f.jpg
[2025-08-21T20:30:12.027Z] Processing: /library/modules/upload/files/quote_product/26/ba58fabb0ff3710044e53ef20db79556.jpg
[2025-08-21T20:30:12.128Z]   ✓ Downloaded (15379 bytes)
[2025-08-21T20:30:12.809Z]   ✓ Uploaded to Cloudinary: https://res.cloudinary.com/natemoshhh/image/upload/v1755808212/quote-builder/ba58fabb0ff3710044e53ef20db79556.jpg
[2025-08-21T20:30:12.910Z] Processing: /library/modules/upload/files/quote_product/27/8cf3d5bff3367b002fdad2fefb9c8860.jpg
[2025-08-21T20:30:13.015Z]   ✓ Downloaded (15030 bytes)
[2025-08-21T20:30:13.400Z]   ✓ Uploaded to Cloudinary: https://res.cloudinary.com/natemoshhh/image/upload/v1755808213/quote-builder/8cf3d5bff3367b002fdad2fefb9c8860.jpg
[2025-08-21T20:30:13.502Z] Processing: /library/modules/upload/files/quote_product/451/45bfa4b82a113f349b312927013a5e63.jpg
[2025-08-21T20:30:13.604Z]   ✓ Downloaded (13754 bytes)
[2025-08-21T20:30:14.449Z]   ✓ Uploaded to Cloudinary: https://res.cloudinary.com/natemoshhh/image/upload/v1755808213/quote-builder/45bfa4b82a113f349b312927013a5e63.jpg
[2025-08-21T20:30:14.549Z] Processing: /library/modules/upload/files/quote_product/504/865bd189269b5f999c145069028684ab.jpg
[2025-08-21T20:30:14.652Z]   ✓ Downloaded (14869 bytes)
[2025-08-21T20:30:15.116Z]   ✓ Uploaded to Cloudinary: https://res.cloudinary.com/natemoshhh/image/upload/v1755808214/quote-builder/865bd189269b5f999c145069028684ab.jpg
[2025-08-21T20:30:15.217Z] Processing: /library/modules/upload/files/quote_product/505/7aae9f57c335279527cf874ddb48aa41.jpg
[2025-08-21T20:30:15.319Z]   ✓ Downloaded (11834 bytes)
[2025-08-21T20:30:15.815Z]   ✓ Uploaded to Cloudinary: https://res.cloudinary.com/natemoshhh/image/upload/v1755808215/quote-builder/7aae9f57c335279527cf874ddb48aa41.jpg
[2025-08-21T20:30:15.916Z] Processing: /library/modules/upload/files/quote_product/29/c3abca063acdcd7220b58d39157a1938.png
[2025-08-21T20:30:16.019Z]   ✓ Downloaded (29649 bytes)
[2025-08-21T20:30:16.431Z]   ✓ Uploaded to Cloudinary: https://res.cloudinary.com/natemoshhh/image/upload/v1755808216/quote-builder/c3abca063acdcd7220b58d39157a1938.jpg
[2025-08-21T20:30:16.532Z] Processing: /library/modules/upload/files/quote_product/30/067b7318a3af46ab57cb65485024a8d0.jpg
[2025-08-21T20:30:16.634Z]   ✓ Downloaded (21178 bytes)
[2025-08-21T20:30:17.069Z]   ✓ Uploaded to Cloudinary: https://res.cloudinary.com/natemoshhh/image/upload/v1755808216/quote-builder/067b7318a3af46ab57cb65485024a8d0.jpg
[2025-08-21T20:30:17.170Z] Processing: /library/modules/upload/files/quote_product/31/59ae74ee9b79a5b9063e5f95e44c3dba.jpg
[2025-08-21T20:30:17.273Z]   ✓ Downloaded (11650 bytes)
[2025-08-21T20:30:17.806Z]   ✓ Uploaded to Cloudinary: https://res.cloudinary.com/natemoshhh/image/upload/v1755808217/quote-builder/59ae74ee9b79a5b9063e5f95e44c3dba.jpg
[2025-08-21T20:30:17.909Z] Processing: /library/modules/upload/files/quote_product/32/45c8464cacc8ba9ee0191e42e9d795c7.jpg
[2025-08-21T20:30:18.012Z]   ✓ Downloaded (13636 bytes)
[2025-08-21T20:30:18.439Z]   ✓ Uploaded to Cloudinary: https://res.cloudinary.com/natemoshhh/image/upload/v1755808218/quote-builder/45c8464cacc8ba9ee0191e42e9d795c7.jpg
[2025-08-21T20:30:18.540Z] Processing: /library/modules/upload/files/quote_product/33/a9f63a2bf38c873196ffdf51652aac87.jpg
[2025-08-21T20:30:18.645Z]   ✓ Downloaded (13068 bytes)
[2025-08-21T20:30:19.241Z]   ✓ Uploaded to Cloudinary: https://res.cloudinary.com/natemoshhh/image/upload/v1755808218/quote-builder/a9f63a2bf38c873196ffdf51652aac87.jpg
[2025-08-21T20:30:19.343Z] Processing: /library/modules/upload/files/quote_product/34/8cee4b832baf7db36b5f40f5724a9e17.jpg
[2025-08-21T20:30:19.445Z]   ✓ Downloaded (14641 bytes)
[2025-08-21T20:30:19.852Z]   ✓ Uploaded to Cloudinary: https://res.cloudinary.com/natemoshhh/image/upload/v1755808219/quote-builder/8cee4b832baf7db36b5f40f5724a9e17.jpg
[2025-08-21T20:30:19.953Z] Processing: /library/modules/upload/files/quote_product/35/40c36e634c25beea09974b8086c53278.jpg
[2025-08-21T20:30:20.057Z]   ✓ Downloaded (15847 bytes)
[2025-08-21T20:30:20.530Z]   ✓ Uploaded to Cloudinary: https://res.cloudinary.com/natemoshhh/image/upload/v1755808220/quote-builder/40c36e634c25beea09974b8086c53278.jpg
[2025-08-21T20:30:20.631Z] Processing: /library/modules/upload/files/quote_product/36/b898d01dfb2b5d61f2dfcfaafeca756e.jpg
[2025-08-21T20:30:20.742Z]   ✓ Downloaded (24304 bytes)
[2025-08-21T20:30:21.185Z]   ✓ Uploaded to Cloudinary: https://res.cloudinary.com/natemoshhh/image/upload/v1755808221/quote-builder/b898d01dfb2b5d61f2dfcfaafeca756e.jpg
[2025-08-21T20:30:21.286Z] Processing: /library/modules/upload/files/quote_product/37/72516eefa4eadfd3a66fb6ea4bb60dc3.jpg
[2025-08-21T20:30:21.393Z]   ✓ Downloaded (24411 bytes)
[2025-08-21T20:30:22.006Z]   ✓ Uploaded to Cloudinary: https://res.cloudinary.com/natemoshhh/image/upload/v1755808221/quote-builder/72516eefa4eadfd3a66fb6ea4bb60dc3.jpg
[2025-08-21T20:30:22.107Z] Processing: /library/modules/upload/files/quote_product/38/91e971dc357a1b0cffea4ca7a6b42a13.jpg
[2025-08-21T20:30:22.209Z]   ✓ Downloaded (13869 bytes)
[2025-08-21T20:30:22.751Z]   ✓ Uploaded to Cloudinary: https://res.cloudinary.com/natemoshhh/image/upload/v1755808222/quote-builder/91e971dc357a1b0cffea4ca7a6b42a13.jpg
[2025-08-21T20:30:22.852Z] Processing: /library/modules/upload/files/quote_product/39/86eed1c7c219e54c06d354dde7f1c391.jpg
[2025-08-21T20:30:22.955Z]   ✓ Downloaded (15787 bytes)
[2025-08-21T20:30:23.474Z]   ✓ Uploaded to Cloudinary: https://res.cloudinary.com/natemoshhh/image/upload/v1755808223/quote-builder/86eed1c7c219e54c06d354dde7f1c391.jpg
[2025-08-21T20:30:23.575Z] Processing: /library/modules/upload/files/quote_product/40/979085cec155246b907c5ffa50b6c090.jpg
[2025-08-21T20:30:23.677Z]   ✓ Downloaded (17325 bytes)
[2025-08-21T20:30:24.091Z]   ✓ Uploaded to Cloudinary: https://res.cloudinary.com/natemoshhh/image/upload/v1755808223/quote-builder/979085cec155246b907c5ffa50b6c090.jpg
[2025-08-21T20:30:24.192Z] Processing: /library/modules/upload/files/quote_product/41/da48c42680a446a4fccf7e374c8258a0.jpg
[2025-08-21T20:30:24.294Z]   ✓ Downloaded (28206 bytes)
[2025-08-21T20:30:25.250Z]   ✓ Uploaded to Cloudinary: https://res.cloudinary.com/natemoshhh/image/upload/v1755808224/quote-builder/da48c42680a446a4fccf7e374c8258a0.jpg
[2025-08-21T20:30:25.351Z] Processing: /library/modules/upload/files/quote_product/42/f85aec5963c98d6cb8b105090a09cd7f.jpg
[2025-08-21T20:30:25.453Z]   ✓ Downloaded (29413 bytes)
[2025-08-21T20:30:25.921Z]   ✓ Uploaded to Cloudinary: https://res.cloudinary.com/natemoshhh/image/upload/v1755808225/quote-builder/f85aec5963c98d6cb8b105090a09cd7f.jpg
[2025-08-21T20:30:26.022Z] Processing: /library/modules/upload/files/quote_product/470/4d1c84ba064d2fc21779130c5617f5d8.jpg
[2025-08-21T20:30:26.124Z]   ✓ Downloaded (579 bytes)
[2025-08-21T20:30:26.505Z]   ✓ Uploaded to Cloudinary: https://res.cloudinary.com/natemoshhh/image/upload/v1755808226/quote-builder/4d1c84ba064d2fc21779130c5617f5d8.jpg
[2025-08-21T20:30:26.606Z] Processing: /library/modules/upload/files/quote_product/471/3921bb4efee4c2ee49d0760fac1316e2.jpg
[2025-08-21T20:30:26.709Z]   ✓ Downloaded (576 bytes)
[2025-08-21T20:30:27.068Z]   ✓ Uploaded to Cloudinary: https://res.cloudinary.com/natemoshhh/image/upload/v1755808226/quote-builder/3921bb4efee4c2ee49d0760fac1316e2.jpg
[2025-08-21T20:30:27.169Z] Processing: /library/modules/upload/files/quote_product/507/d342fc921040b08fe69ef46858985358.jpg
[2025-08-21T20:30:27.273Z]   ✓ Downloaded (29315 bytes)
[2025-08-21T20:30:27.681Z]   ✓ Uploaded to Cloudinary: https://res.cloudinary.com/natemoshhh/image/upload/v1755808227/quote-builder/d342fc921040b08fe69ef46858985358.jpg
[2025-08-21T20:30:27.781Z] Processing: /library/modules/upload/files/quote_product/508/5905ded7683306f931a6e7fd5ab5cc01.jpg
[2025-08-21T20:30:27.885Z]   ✓ Downloaded (29236 bytes)
[2025-08-21T20:30:28.394Z]   ✓ Uploaded to Cloudinary: https://res.cloudinary.com/natemoshhh/image/upload/v1755808228/quote-builder/5905ded7683306f931a6e7fd5ab5cc01.jpg
[2025-08-21T20:30:28.494Z] Processing: /library/modules/upload/files/quote_product/509/004e30ecd9fb8728fc3309fbc3b33296.jpg
[2025-08-21T20:30:28.611Z]   ✓ Downloaded (32068 bytes)
[2025-08-21T20:30:29.228Z]   ✓ Uploaded to Cloudinary: https://res.cloudinary.com/natemoshhh/image/upload/v1755808228/quote-builder/004e30ecd9fb8728fc3309fbc3b33296.jpg
[2025-08-21T20:30:29.229Z] SQL updates saved to: ./scripts/update-images.sql
[2025-08-21T20:30:29.230Z] Results saved to: ./scripts/migration-results.json
[2025-08-21T20:30:29.230Z] Migration completed!
[2025-08-21T20:30:29.230Z] Success: 381/381 images
